latin,gold,predicted
ank,अंक,अंक
anka,अंक,अंका
ankit,अंकित,अनकित
anakon,अंकों,अनकों
ankhon,अंकों,अंखों
ankon,अंकों,अंकों
angkor,अंकोर,अंगोकक
ankor,अंकोर,अनकोर
angaarak,अंगारक,अंगारक
angarak,अंगारक,अंगररक
angraji,अंग्रज़ी,अगग्रजीी
angreji,अंग्रज़ी,अगग्रजीी
angrzi,अंग्रज़ी,अंग्रजीी
antah,अंतः,अंतः
antaha,अंतः,अंतःा
antarmukh,अंतर्मुख,अंतर्मुख
antmurkh,अंतर्मुख,अंतरममुख
antrmukh,अंतर्मुख,अंतर्मुख
andrabee,अंद्राबी,अंद्रबबी
andrabi,अंद्राबी,अंद्रबबी
andha,अंधा,अंधा
andhapan,अंधापन,अंधापन
andheri,अंधेरी,अंधेरी
ambaani,अंबानी,अंबानी
ambani,अंबानी,अंबननी
akram,अकरम,अक्म
acapulco,अकापुल्को,अपापोलोको
akapulko,अकापुल्को,अकपपुल्कों
akhand,अखंड,अखाड
akhil,अखिल,अखील
agavai,अगवाई,अगवाई
agvaai,अगवाई,अग्ाई
augustine,अगस्टाइन,ऑगस्टाइन
augustustine,अगस्टाइन,ऑगस्टसससस््
agsta,अगस्ता,अग्तता
agusta,अगस्ता,अगुूता
augusta,अगस्ता,आगस्टा
agr,अग्र,अग्र
agra,अग्र,अग्र
achambha,अचंभा,अचंभा
achanbha,अचंभा,अचंभा
achievement,अचीवमेंट,अचिमेेंटम
achivement,अचीवमेंट,अचिमेेंट
acchi,अच्छी,अच्छी
achchi,अच्छी,अच्छी
achhi,अच्छी,अच्छी
achyut,अच्युत,अछुयूत
achhanera,अछनेरा,अचेेरा
achnera,अछनेरा,अचनेरा
ajmeedh,अजमीढ़,अजमीद़
ajhar,अजहर,अजार
azhar,अजहर,अजहर
ajit,अजित,अजीत
agnat,अज्ञात,अग्ञात
agyaat,अज्ञात,अज्ञात
agyat,अज्ञात,अज्ञात
atakta,अटकता,अतकता
atkata,अटकता,अटकता
atake,अटके,अटके
atke,अटके,एटके
atwaal,अटवाल,अतवाल
atwal,अटवाल,अटवाल
attahasa,अट्टहास,अत्टाससा
atthaas,अट्टहास,अत्थासस
atthas,अट्टहास,अत्था्स
addon,अड्डों,एद़डों
athak,अथक,अठक
atharv,अथर्व,अठर्व
atharva,अथर्व,अठर्व
adad,अदद,अडा
adaani,अदाणी,आदानी
adani,अदाणी,आदानी
advait,अद्वैत,एडववेत
adwait,अद्वैत,एडववेत
advaitvaad,अद्वैतवाद,आद्वेतवाद
advaitwad,अद्वैतवाद,आदववेतवाद
adhivas,अधिवास,अधिवास
adhiwas,अधिवास,अधिवास
advivas,अधिवास,अदवविसा
adhiik,अधीक,अधिक
adhik,अधीक,अधिक
adhyayanarat,अध्ययनरत,अध्ययनर्
adhyayanrat,अध्ययनरत,अध्ययनर्
adhyaynrat,अध्ययनरत,अध्ययनर्
anant,अनंत,अनात
ananti,अनंती,अनाती
angadh,अनगढ़,अंगढ़
angarh,अनगढ़,अंग़्
anchahe,अनचाहे,अंचाहे
anthak,अनथक,अं्क
unthak,अनथक,उं्क
anhoni,अनहोनी,अन्ोंी
anaavashyak,अनावश्यक,अनावा्यक
anavashyak,अनावश्यक,अनावश्यक
anavshyak,अनावश्यक,अनावश्यक
anawashyak,अनावश्यक,अनावा्यक
anik,अनिक,अनिक
anishwarvadi,अनीश्वरवादी,अनिश्वरवादी
anishwarwadi,अनीश्वरवादी,अनिश्वरवादी
anukoltha,अनुकूलता,अनुकोलता
anukulata,अनुकूलता,अनुकुलता
anukulta,अनुकूलता,अनुकुलता
anuchit,अनुचित,अनुचित
anuprayogi,अनुप्रयोगों,अनुप्रजोगीई
anuprayogon,अनुप्रयोगों,अनुप्रयागों
anupryogon,अनुप्रयोगों,अनुप्रयोगों
anureet,अनुरीत,अनुरीत
anurit,अनुरीत,अनुरित
anuthi,अनूठी,अनुथी
anudit,अनूदित,अनुदित
anyaay,अन्याय,अन्याय
anyay,अन्याय,अन्य
anyaya,अन्याय,अन्याय
apnani,अपनानी,अपनानी
aparivartanshali,अपरिवर्तनशील,अपरिवर्तनशील
aparivartansheel,अपरिवर्तनशील,अपरिवर्तनशील
aparivartanshil,अपरिवर्तनशील,अपरिवर्तनशील
apariharya,अपरिहार्य,अपरियार्य
aprihary,अपरिहार्य,अपरिहारीय
apriyary,अपरिहार्य,अप्ियारीय
apavartit,अपवर्तित,अपवर्तित
apvartit,अपवर्तित,अपवर्तित
apvtrit,अपवर्तित,अप्र्तित
apaardarshi,अपारदर्शी,अपारदर्शी
apardarshi,अपारदर्शी,अपदरदर्शी
afroj,अफरोज,अफ्ोज
afroz,अफरोज,अफ्ोब़
africa,अफ्रीका,अफ्रिका
abbaasi,अब्बासी,अब्बासी
abbasi,अब्बासी,एब्बासी
abhimat,अभिमत,अभिमत
abhishap,अभिशाप,अभिषपप
abhi,अभी,अभी
amjhera,अमझेरा,अमझेरा
amzera,अमझेरा,अमेेरा
amargad,अमरगढ़,अमागढ़
amargarh,अमरगढ़,अमागढ़
amarpaal,अमरपाल,अमर्ाल
amarpal,अमरपाल,अमर्ाल
amarohi,अमरोही,अमरोही
amrohi,अमरोही,अमरोही
amaanat,अमानत,अमानत
amanat,अमानत,अमानत
amanth,अमानत,अमां्
amaanati,अमानती,अमानती
amanathi,अमानती,अमानाी
amanati,अमानती,अमानती
amavasya,अमावस्या,अमावस्य
amavsya,अमावस्या,अमावस्य
amit,अमित,अमीत
amitao,अमिताव,अमीटाओ
amitav,अमिताव,अमिताव
amuk,अमुक,आमुक
amogh,अमोघ,अमोध
ambani,अम्बानी,अंबबानी
ayodhyaanaath,अयोध्यानाथ,अयोध्यानाथ
ayodhyanaath,अयोध्यानाथ,अयोद्यननाथ
ayodhyanath,अयोध्यानाथ,अयोद्यननाथ
ayodhyeanath,अयोध्यानाथ,अयोदियानेथ
aradas,अरदास,आरदास
ardaas,अरदास,अरदास
ardas,अरदास,अरदास
arabab,अरबाब,अरबबब
arbab,अरबाब,अरबाब
around,अराउंड,आराउंड
arjent,अर्जेंट,अर्जेंट
urgent,अर्जेंट,उर्जेंट
arth,अर्थ,आर्थ
artha,अर्थ,आर्थाा
earth,अर्थ,ईर्थ
earthquake,अर्थक्वेक,इय्थकेयूक
arthon,अर्थों,आर्थों
arpit,अर्पित,अर्पित
aryama,अर्यमा,आर्यम
aryma,अर्यमा,आर्यम
arymaa,अर्यमा,अर्यमा
alankaar,अलंकार,अलंकार
alankar,अलंकार,अलंकरर
alnkaar,अलंकार,अलंकरर
alankaaron,अलंकारों,अलंकारों
alankaron,अलंकारों,अलंकररों
alnkaaron,अलंकारों,अलंकारों
alnkaron,अलंकारों,अलंकररों
alagavavadi,अलगाववादी,अलगवववादी
algavvadi,अलगाववादी,अगगवववादी
algavwaadi,अलगाववादी,अग्वववादी
alive,अलाइव,एलिइव
alance,अलायंस,आलांंस
alayans,अलायंस,अलायंस
aliance,अलायंस,एलाइंस
alind,अलिंद,एलींद
alai,अली,अला
ali,अली,एली
alii,अली,अली
alonso,अलोंसो,एलोंसो
aloso,अलोंसो,आलोससो
alphabet,अल्फ़ाबेट,अल्फाेबेत
alba,अल्बा,अल्बा
avantipur,अवंतिपुर,अवंतीपुर
awantipora,अवंतिपुर,अवातीपूरा
avaru,अवरु,अवाू
avru,अवरु,अवरू
awaru,अवरु,अवाू
avarodhak,अवरोधक,अवरोधक
avrodhak,अवरोधक,अवरोधक
avrodhk,अवरोधक,अवरोधक
avarnata,अवर्णता,अवर्णता
avarnataa,अवर्णता,अवर्णता
avranta,अवर्णता,अवरंंता
avashist,अवशिष्ट,अवशिष्ट
avshisht,अवशिष्ट,अवशिष्ट
awashist,अवशिष्ट,अवशिष्ट
avasthaayen,अवस्थाएं,अवस्थाएं
avsthaen,अवस्थाएं,अवस्थाएं
avsthayen,अवस्थाएं,अवस्थाएं
awasthaen,अवस्थाएं,अवस्थाएं
avi,अवि,आवी
avika,अविका,अविका
aviral,अविरल,एवेरा
avirl,अविरल,अविरल
avishvaasniy,अविश्वसनीय,अविश्वााीय
avishvasniy,अविश्वसनीय,अविश्वा्ीय
avishvasniya,अविश्वसनीय,अविश्वा््य
avisvasniya,अविश्वसनीय,अविस्वसीीय
aviva,अवीवा,अवीवा
avaigyanic,अवैज्ञानिक,अवैज्ञानिक
avaigyanik,अवैज्ञानिक,अवैज्ञानिक
avegyanik,अवैज्ञानिक,अवेज्ञानिक
ashaktataa,अशक्तता,अशकततता
ashktta,अशक्तता,अश््तता
asharaphi,अशरफी,अशााा
ashrafi,अशरफी,अश्फी
ashariri,अशरीरी,आशाीरी
ashriri,अशरीरी,आश्ीरी
ashrvatath,अश्वत्थ,अश्रर्वा
ashvtth,अश्वत्थ,अश्वत्थ
asamaany,असमान्य,असाान्य
asamany,असमान्य,असाान्य
asmanye,असमान्य,अस्ान्य
asaamnjsy,असामंजस्य,असामंज््य
asamanjasy,असामंजस्य,असंमंज््य
asamanjasya,असामंजस्य,असंमंज््या
asurakshit,असुरक्षित,असुरक्षित
asurkshit,असुरक्षित,असुरक्षित
aset,असेट,असेत
asset,असेट,असेट
asvabhavik,अस्वभाविक,अस्वााविक
aswabhavik,अस्वभाविक,अस्वााविक
aswbhavik,अस्वभाविक,अस्वभाविक
ahirauli,अहिरौली,अहिरौली
item,आइटम,आइटम
items,आइटम्स,आइटम्स
idle,आइडल,इईडल
idol,आइडल,आईडो
icc,आइसीसी,आईसीसी
iso,आइसो,आईसो
ipc,आईपीसी,आईपीसी
ipad,आईपैड,आईपाड
iris,आईरिस,आइआिस
ounce,आउंस,ऑउनस
aakaash,आकाश,आकाश
aakash,आकाश,आकाश
aake,आके,आके
aakhet,आखेट,आखेत
akhet,आखेट,अखेत
aagat,आगत,आगत
aagaman,आगमन,आगमन
aagman,आगमन,आग्न
aagaa,आग़ा,आगाा
aagah,आग़ा,आगााह
agha,आग़ा,आघाा
aagaashe,आगाशे,आगाशे
aagashe,आगाशे,आगाशे
agashe,आगाशे,अग्शे
aajmaanaa,आजमाना,आजमाना
aajmana,आजमाना,आजमाना
aazmaanaa,आजमाना,आजमाना
aata,आटा,आता
ata,आटा,अता
atta,आटा,अत्
aatmayen,आत्माएं,आत्मयएं
atmaen,आत्माएं,आत्मेएं
aadaan,आदान,आदान
aadan,आदान,आदनन
aadhaarit,आधारित,आधारित
aadharit,आधारित,आधारित
adharit,आधारित,आधारित
aadheen,आधीन,आधीन
aadhin,आधीन,आधीन
aadhunik,आधुनिक,आधुनिक
aanad,आनद,आंा
aanand,आनद,आनं्
anand,आनद,अनं्
aapka,आपका,आपका
aapkaa,आपका,आपका
aapadaaaen,आपदाएं,आपााएं
aapdaein,आपदाएं,आपदाएं
aapdayein,आपदाएं,आपदाएं
aabantit,आबंटित,आबंतित
abantit,आबंटित,अबंतित
aabru,आबरू,आबरू
abaru,आबरू,अबाू
aamdan,आमदन,आमदा
amadan,आमदन,अमान
aamdani,आमदनी,आमदाी
amadani,आमदनी,आमानी
aamdi,आमदी,आमदी
amdi,आमदी,अमदी
aamod,आमोद,आमोद
amod,आमोद,आमोड
aayenge,आयेंगे,आयंंगे
aayojak,आयोजक,आयोजक
ro,आरओ,ररओ
rp,आरपी,आरपी
aaraam,आराम,आराम
aaram,आराम,आरमम
aram,आराम,आरमम
aarushi,आरुषि,आरूशी
arushi,आरुषि,आरुशी
artery,आर्टरी,अर्टरी
order,आर्डर,ऑर्डर
aary,आर्य,आर्य
aarya,आर्य,आर्य
arya,आर्य,अर्य
aaryika,आर्यिका,आरियिका
aryika,आर्यिका,आरियिका
aarya,आर्यो,आर्य
arya,आर्यो,अर्य
aryo,आर्यो,आर्यो
aaryan,आर्यों,आर्यणं
arya,आर्यों,अर्य
aryon,आर्यों,आय्यों
aalsi,आलसी,आलसी
alasi,आलसी,अलसी
aalochak,आलोचक,आलोचक
alochak,आलोचक,आलोचक
aalochakon,आलोचकों,आलोचकों
alochakon,आलोचकों,आलोचकों
aalha,आल्हा,आल्हा
aalhaa,आल्हा,आल्हा
alha,आल्हा,अल्हा
allah,आल्हा,अल्ला
aawaazen,आवाज़ें,आवाजेें
aawajen,आवाज़ें,आवाजेें
awaazen,आवाज़ें,आवाजेें
awazen,आवाज़ें,आवाजेें
aawajon,आवाज़ों,आवाजोों
aawazon,आवाज़ों,आवाजोों
awaazon,आवाज़ों,आवाजोों
awazon,आवाज़ों,आवाजोों
aavishakaar,आविष्कार,आविशाकार
aavishkaar,आविष्कार,आविष्कार
avishkar,आविष्कार,अविष्कार
aavriti,आवृत्ति,आवृत्ति
aavritti,आवृत्ति,आवृत्ति
avuti,आवृत्ति,अवूति
aavritiyon,आवृत्तियों,आवृतियियों
aavrittiyon,आवृत्तियों,आवृत्तियों
avrutiyon,आवृत्तियों,अवृत्यियों
aashanka,आशंका,आशंका
ashanka,आशंका,आशंका
aashriton,आश्रितों,आश्रीतों
ashriton,आश्रितों,अश्रीतों
aasaan,आसान,आसान
aasan,आसान,आसनन
asan,आसान,असनन
aastik,आस्तिक,आस्तिक
astik,आस्तिक,अस्तिक
aasteen,आस्तीन,आस्तीन
aastin,आस्तीन,आस्तिन
astin,आस्तीन,अस्तिन
aahnaan,आह्नान,आहननान
aahnan,आह्नान,आहननान
ahyan,आह्नान,अह्यान
england,इंग्लैंड,एंगललैडड
engineer,इंजिनियर,इंजीनियर
introduction,इंट्रोडक्शन,इंट्रोब््शन
insurance,इंश्योरेंस,इंस्ररर्सस
ear,इअर,ईयर
eyer,इअर,आयर
eon,इआन,आनन
iaan,इआन,आआन
ekattha,इकट्ठा,इकट्ठा
ikattha,इकट्ठा,इक््ठा
ekatthi,इकठ्ठी,इकट्ठी
ekthi,इकठ्ठी,इक्ीची
ikatthi,इकठ्ठी,इकट्ठी
ekaee,इकाई,इकाई
ikai,इकाई,इकाई
ekaeyon,इकाईयों,इकाइयों
ikaiyon,इकाईयों,इकाइयों
ikarion,इकाईयों,इकारशों
economic,इकोनोमिक,इकोनॉमिक
ecuador,इक्वाडोर,इकोयोउोर
equador,इक्वाडोर,एक्वोउोर
equities,इक्विटीज,एक्विटीज
ikvitija,इक्विटीज,इक्वितिवी
ijaajat,इजाजत,इजाजत
ijajat,इजाजत,इजाजत
inhalation,इनहेलेशन,इनहालेशन
inhaletion,इनहेलेशन,इनहालेशन
ibija,इबीजा,इबिजा
ibiza,इबीजा,इबिजा
imaging,इमेजिंग,इमागिंग
immune,इम्युन,इम्यून
elaichi,इलाइची,इलाचची
ilaichi,इलाइची,इलाइची
ilayachi,इलाइची,इलायची
ilayichi,इलाइची,इलाइची
elaaj,इलाज,इलाज
ilaaj,इलाज,इलाज
ilaj,इलाज,इलाज
ishaak,इशाक,इशाक
ishaaq,इशाक,इशाक
ishak,इशाक,इशकक
ishaara,इशारा,इशारा
ishaaraa,इशारा,इशारा
ishara,इशारा,इशारा
ishita,इशिता,इशिता
isht,इष्ट,इश्ट
isteefe,इस्तीफे,इस्तीफा
istife,इस्तीफे,इस्टिफास
ea,ईए,ईए
ia,ईए,इआएएी
eater,ईटर,आटर
iter,ईटर,आतर
email,ईमेल,एमेल
emailon,ईमेलों,एमेलों
emelon,ईमेलों,एमेलों
evening,ईवनिंग,एवेिंग
east,ईष्ट,ईस्ट
ishat,ईष्ट,इशाट
isht,ईष्ट,इश्ट
isaaiyon,ईसाइयों,ईसाइयों
isaiyon,ईसाइयों,ईसाइयों
isayiyon,ईसाइयों,ईसाइयों
ikhrul,उखरुल,इखरूल
ukhrool,उखरुल,उखरूल
ukhrul,उखरुल,उखुूल
uchhalane,उछालने,उछललने
uchhalne,उछालने,उछललने
ujback,उज़्बेक,उजबबबैक
uzbek,उज़्बेक,उज््बेक
uthane,उठने,उठाे
uthne,उठने,उठने
uthaakar,उठाकर,उठाकर
uthakar,उठाकर,उठाकर
uthaapatak,उठापटक,उठाताक
uthapatak,उठापटक,उठापाक
uthen,उठें,उठें
udaan,उड़ान,उद़ान
udan,उड़ान,उड़नन
udaanaa,उड़ाना,उड़नना
udana,उड़ाना,उड़नना
udaane,उड़ाने,उड़नने
udane,उड़ाने,उड़नने
udaanen,उड़ानें,उड़ननें
udanen,उड़ानें,उड़ननें
udaanon,उड़ानों,उद़ननों
udanon,उड़ानों,उद़ननों
utane,उतने,उताे
utaney,उतने,उताे
utne,उतने,उतने
uttara,उत्तरा,उत्तर
uttra,उत्तरा,उत्तर
utpan,उत्पन,उत्पा
udant,उदंत,उदात
udghosh,उदघोष,उद्ोश
udar,उदर,उदा
uda,उदा,उडा
udaa,उदा,उडा
udakishuganj,उदाकिशुनगंज,उदागुशागग
udakishunganj,उदाकिशुनगंज,उदाजुश्ंगरज
unatees,उनतीस,यनाीस
untees,उनतीस,यं्ीस
uniyal,उनियाल,यनियाल
upadraviyon,उपद्रवियों,उपद्ववियों
updravion,उपद्रवियों,उपद्रवियों
updraviyon,उपद्रवियों,उपद्रवियों
upadravi,उपद्रवी,उपद्ववी
updravi,उपद्रवी,उपद्ववी
upadrawon,उपद्रवों,उपद्रवों
updravon,उपद्रवों,उपद्रवों
upneta,उपनेता,उपनेता
upabhokta,उपभोक्ता,उपभोक्ता
upbhokta,उपभोक्ता,उपभोक्ता
uplaksh,उपलक्ष्य,उपलक्ष
uplakshay,उपलक्ष्य,उपलक्षयय
uplakshya,उपलक्ष्य,उपलक्ष्य
uplabdh,उपलब्ध,उपलब्ध
uplabdhiyon,उपलब्धियों,उपल्दधियों
uplabdhi,उपलब्धी,उपलबदधी
upakhyaanon,उपाख्यानों,उपखख्यानों
upakhyanon,उपाख्यानों,उपखख्यानों
ubuntu,उबंटू,उबूतु
ubaal,उबाल,उबाल
ubal,उबाल,उबलल
ubhaara,उभारा,उभारा
ubhara,उभारा,उभारा
umanath,उमानाथ,उमानाथ
umesh,उमेश,उमेश
urf,उर्फ,उर्फ
urfa,उर्फ,उर्फाा
urff,उर्फ,उर्फ
urvarakon,उर्वरकों,उर्वरकों
urvarkon,उर्वरकों,उर्वरकों
urwarakon,उर्वरकों,उर्वाकों
urvarata,उर्वरता,उर्वर्ा
urvarta,उर्वरता,उर्वर्ा
urwarta,उर्वरता,उर्वर्ा
ulate,उलटे,उलाे
ulte,उलटे,उल्े
ulahana,उलाहना,उलहहना
ulahna,उलाहना,उलहहना
ulema,उलेमा,उलेमा
ulemaon,उलेमाओं,उलेमाओं
usak,उसक,उसक
usaki,उसकी,उसकी
uski,उसकी,उसकी
usmein,उसमें,उसमें
usmen,उसमें,उसमें
usi,उसी,यसी
ustara,उस्तरा,उस्तरा
udharv,ऊर्ध्व,उद्धवव
udhrva,ऊर्ध्व,उद्धवव
urdhav,ऊर्ध्व,उद्धवव
ushma,ऊष्मा,उषममा
rishicool,ऋषिकुल,ऋशिकोल
rishikul,ऋषिकुल,ऋषिकुल
rushikul,ऋषिकुल,ऋषिकुल
enzyme,एंजाइम,इजज्इम
anton,एंटोन,एंटोन
entone,एंटोन,इंटोन
antoni,एंटोनी,अंटोनी
antony,एंटोनी,एंटोनी
endometrial,एंडोमेट्रियल,इंडोमेटिरियल
andreas,एंड्रियास,एंड्रेयसस
als,एएलएस,अलसएस
asi,एएसआई,एससीई
eksaath,एकसाथ,एकसाथ
eksath,एकसाथ,एकस्थ
ekaki,एकाकी,एकककी
xm,एक्सएम,एच्स
egmor,एगमोर,एगमरर
egmore,एगमोर,एग्रर
aj,एजे,अज
agende,एजेंडे,अजेंडे
adp,एडीपी,एडीपी
adain,एडेन,आडेन
aden,एडेन,एडेन
edan,एडेन,एडनन
addi,एड्डी,एडीडी
eddi,एड्डी,एडीडी
eddie,एड्डी,एडिडी
eddy,एड्डी,एडीडी
apj,एपीजे,अप्एी
ftii,एफटीआईआई,फफटी
abbott,एबट,अब्ॉ्
abut,एबट,अबू
ebt,एबट,एबीी
abvp,एबीवीपी,एबीवीपी
abbot,एबोट,एब्ट
abbott,एबोट,अब्ट्
mta,एमटीए,ममटीए
mtake,एमटेक,ममकेक
mtec,एमटेक,ममटीस
mtech,एमटेक,ममचेच
emerald,एमरल्ड,एमा््ड
emrald,एमरल्ड,एमरा्ड
emil,एमिल,एमिल
emile,एमिल,एमिल
emily,एमिल,एमिली
amy,एमी,अमी
emi,एमी,एमी
airway,एयरवे,एयरवे
eyarave,एयरवे,एयरवे
eyarve,एयरवे,एयरवे
error,एरर,एयो
arica,एरिका,आरिका
erica,एरिका,एरिका
erika,एरिका,एरिका
aerobic,एरोबिक,एयोबिक
aerobics,एरोबिक,एयोबिक््
lte,एलटीई,एलटे
lti,एलटीई,ललटी
allergic,एलर्जिक,एल््किक
eliminator,एलिमिनेटर,एलिमिनेटर
aliens,एलियंस,एलिसंस
alliance,एलियंस,एलायेस
asian,एशियन,एसिया
sfc,एसएफसी,एससससी
sk,एसके,एसके
spf,एसपीएफ,एसपीएफ
association,एसोसिएशन,एसोसिएशन
astar,एस्टर,अस्टर
aster,एस्टर,एस्टर
ester,एस्टर,एस्टर
aesthetics,एस्थेटिक,एस्टेटिस्््
asthetic,एस्थेटिक,अस्टेटिक
asfalt,एस्फाल्ट,असफफलल्ट
asphalt,एस्फाल्ट,अस्फलल्ट
asphault,एस्फाल्ट,अस्फोल्ट
ahsaas,एहसास,अहसास
ehsaas,एहसास,एहसास
ehsas,एहसास,एहसास
aisa,एेसा,ऐससा
eesa,एेसा,एससा
ainth,ऐंठ,ऐंठ
end,ऐंठ,ऐंड
enth,ऐंठ,ऐंट
ainthey,ऐंठे,ऐंठे
enthe,ऐंठे,इंटे
aithan,ऐठन,ऐंन
ethan,ऐठन,ऐंन
ethhan,ऐठन,ऐंा
ail,ऐल,एल
el,ऐल,एल
alaps,ऐल्प्स,अल्प्स
alps,ऐल्प्स,अल्प्स
aise,ऐसे,ऐसे
oxide,ऑक्साइड,ऑक्सीइड
oxy,ऑक्सी,ऑक्सी
offers,ऑफर्स,ऑफर्स
offshor,ऑफशोर,ऑफोोर
offshore,ऑफशोर,ऑफोोर
official,ऑफिशियल,ऑफिसिलल
okalahoma,ओकलाहोमा,ओकलहहममा
oklahoma,ओकलाहोमा,ओकलहहममा
oklahoma,ओक्लाहोमा,ओकललाहोमा
ot,ओत,ओटी
opel,ओपेल,ओपेल
obrayan,ओब्रायन,ओबररेयन
obrien,ओब्रायन,ओब्रीइन
oran,ओरण,ओरन
orian,ओरियन,ओरियन
orion,ओरियन,ओरियन
olavrishti,ओलावृष्टि,ओलववृष्टि
ovum,ओवम,ओवम
owem,ओवम,ओवम
oceanic,ओशनिक,ऑसेिक
osaka,ओसाका,ओसकका
auchity,औचित्य,ऑचितीय
auchitya,औचित्य,औचित्य
audhyogikaran,औद्योगिकरण,औद्योगिकरण
audyogikarana,औद्योगिकरण,औड्योगिकरण
audyogikikaran,औद्योगिकरण,औद्योगिकािि
aurangabad,औरंगाबाद,औरंगबबदद
aurora,औरोरा,औरोरा
aulakh,औलख,औलख
kankad,कंकड़,काकड़
kankar,कंकड़,काकऱ
kankad,कंकर,काकड
kankar,कंकर,काकर
kangan,कंगन,कागण
conjunction,कंजंक्शन,कंजकक्शन
contemporary,कंटेम्पररी,कंटफंपयोीी
kanthahar,कंठहार,कंठाार
kanthhar,कंठहार,कंठररर
composer,कंपोजर,कॉपोसर
kambalon,कंबलों,कंबलों
kanblon,कंबलों,कंबलों
consultant,कंसलटेंट,कंसल्ंंट
kakkad,कक्कड़,कक्कड़
kakkar,कक्कड़,कक्कऱ
kacche,कच्चे,कच्चे
kachche,कच्चे,कच्चे
karta,कटरा,कर्ा
katra,कटरा,कतरा
cutlery,कटलरी,कटलरी
katlari,कटलरी,कतलरी
katlary,कटलरी,काररी
katasaraj,कटासराज,कटससराज
kathfodave,कठफोड़वे,कठफोद़फे
kathfodve,कठफोड़वे,कठफोद़फे
kathor,कठोर,कथोर
kathore,कठोर,कथोरे
kanika,कणिका,कािका
kathai,कत्थई,कथहही
katthai,कत्थई,कट्था
katthaii,कत्थई,कट्था
convention,कनवेंशन,कॉ्ेंशन
canals,कनाल,कैाल््
kanaal,कनाल,कनाल
kanal,कनाल,कनाल
kanindham,कनिंघम,कािंधम
kaningham,कनिंघम,कािंघम
kanishthika,कनिष्ठिका,कनिष्ठिका
kanishthikaa,कनिष्ठिका,कनिष्ठिका
kanishtika,कनिष्ठिका,कनिष्टिका
kanyaayen,कन्याएं,कन्याएं
kanyaein,कन्याएं,कन्याएं
kanyayen,कन्याएं,कन्याएं
convention,कन्वेंशन,कॉ्वेशशन
convocation,कन्वोकेशन,कॉ्वोक्शन
cup,कप,कू
kap,कप,कप
kapda,कपड़ा,कपड़ा
kpada,कपड़ा,कपा़ा
kapdo,कपड़ो,कपड़ों
kapdon,कपड़ो,कपड़ों
kaping,कपिंग,कैिंग
kping,कपिंग,क्िंग
kapolkalpana,कपोलकल्पना,कपोलकलानना
kabaddi,कबड्डी,कबड़बी
kabr,कब्र,कबरर
kabra,कब्र,कबररा
kabren,कब्रें,कबररेन
kabron,कब्रों,कबररों
kamjor,कमज़ोर,कमजोोर
kamzor,कमज़ोर,कमजोोर
kamatar,कमतर,कमतर
kamtar,कमतर,कमतर
kalamjeet,कमलजीत,कललजीत
kamaljeet,कमलजीत,कमलजीत
kamaauu,कमाऊ,कमाऊ
kamau,कमाऊ,कमाऊ
kamaate,कमाते,कमाते
kamate,कमाते,कमतते
kamere,कमेरे,कमेरे
kmere,कमेरे,कमेर
karanj,करंज,करंज
kranj,करंज,क्ंज
karanjiya,करंजिया,करंजीया
kardhe,करघे,कर्े
karghe,करघे,कर्े
karachana,करछना,कराना
karchhana,करछना,कर्ना
karna,करना,कर्ा
karpatri,करपात्री,करपतत्री
karam,करम,करम
karoor,करूर,करूर
karur,करूर,करूर
karnataka,कर्नाटका,कर्णातका
karvi,कर्वी,करववी
kurvi,कर्वी,कु्वी
kalmein,कलमें,कलमें
kalmen,कलमें,का्ें
kalraj,कलराज,काराज
kalika,कलिका,काीका
kalpanaon,कल्पनाओं,कल्पनाओं
kalpnaon,कल्पनाओं,कल्पनाओं
kavvaliyon,कव्वालियों,कवववालियों
qawwaliyon,कव्वालियों,कवववालियों
kavvali,कव्वाली,कवववलली
qawwali,कव्वाली,कवववाली
kashton,कष्टों,का्टों
kasarat,कसरत,कसरत
kasrat,कसरत,कसरत
kasara,कसारा,कसररा
kasida,कसीदा,कसीदा
kahane,कहने,कहने
kahne,कहने,कहने
kahlaya,कहलाया,कहलाया
kahaniyon,कहानियों,कहानियों
kile,क़िले,कििले
kanji,कांजी,कांजी
cant,कांट,कैंट
kant,कांट,कांत
kanti,कांति,कांटी
kakoo,काकू,काकू
kaku,काकू,काकू
kaagaj,कागज़,कागज
kaagaz,कागज़,कागज
kagaj,कागज़,कागज
kagaz,कागज़,कागज
kaaji,काजी,काजी
kaji,काजी,काजी
kazi,काजी,काजी
qazi,काजी,काजी
kajoo,काजू,काजू
kaju,काजू,काजू
kapadi,कापड़ी,कपपड़ी
kapdi,कापड़ी,कपपडीी
kamraj,कामराज,कममराज
kamottejana,कामोत्तेजना,कममोटेजेजना
kamottejna,कामोत्तेजना,कामोटेजेजना
kailana,कायलाना,कैललनना
kaylana,कायलाना,काललनना
carfi,कार्की,कररफफी
karki,कार्की,करर्की
kartik,कार्तिक,कार्टिक
karyakartaon,कार्यकर्ताओं,कार्यकर्ताओं
karykartaaon,कार्यकर्ताओं,कार्यका्ताओं
karykartaon,कार्यकर्ताओं,कार्यकर्ताओं
karyabhar,कार्यभार,कार्यभार
karybhar,कार्यभार,कार्यभार
karyarat,कार्यरत,कार्यात
karyrat,कार्यरत,कार्यात
kaalpi,कालपी,काल्ी
kalapi,कालपी,कललाी
kalpi,कालपी,काल्ी
kalika,कालिका,कालिका
kalighat,कालीघाट,कललीघाट
coldvel,काल्डवेल,कॉल्डवेल
kaldvel,काल्डवेल,कालदडवेल
kaldwell,काल्डवेल,काल्डवेल
kaav,काव,काव
kav,काव,काव
kaasht,काश्त,काष्त
kasht,काश्त,कषष्त
kasim,कासिम,कससिम
qasim,कासिम,कैसिम
kasimabad,कासिमाबाद,कससीमाबाद
kiya,किया,किया
kiliyan,किलियन,किलियन
killat,किल्लत,किल्लत
killi,किल्ली,किलीली
kisaani,किसानी,किसानी
kisani,किसानी,किसननी
kisanon,किसानों,किसननों
keede,कीड़े,कीड़े
kide,कीड़े,कीड़े
keynote,कीनोट,केनोटे
kinote,कीनोट,किनोट
kiratpur,कीरतपुर,किरापुर
kundal,कुंडल,कुंदल
kundaliya,कुंडलियाँ,कुंडलीया
kundaliyan,कुंडलियाँ,कुंडलियों
kutta,कुत्ता,कुट्ता
kuposhit,कुपोषित,कुपोषित
kumau,कुमाऊ,कुमाऊ
kumavat,कुमावत,कुमावट
kumawat,कुमावत,कुमावट
kural,कुराल,कुरलल
kurmi,कुर्मी,कुर्मी
kursiyon,कुर्सियों,कुर्सियों
kush,कुश,कुश
kushaan,कुषाण,कुशान
kushan,कुषाण,कुशणन
kusumalataa,कुसुमलता,कुसुमाता
kusumalta,कुसुमलता,कुसुमाता
kusumlata,कुसुमलता,कुसुललता
koot,कूट,कूट
kut,कूट,कुट
kritika,कृतिका,क्तिका
kpo,केपीओ,कपपोओ
canterbari,कैंटरबरी,कैंररबाी
canterbury,कैंटरबरी,कैंररबीी
candidate,कैंडिडेट,कैंडीडेट
katrina,कैटरीना,कतट्िना
caitlyn,कैटलिन,कैटलिन
cateline,कैटलिन,कैटलिन
catlin,कैटलिन,कैटलिन
cadmium,कैडमियम,कैडमिमम
catholic,कैथोलिक,कैथललिक
catholicon,कैथोलिकों,कैथललिकनं
kaetholikon,कैथोलिकों,कैथललिकों
capacitor,कैपेसिटर,कैपेश्टर
carat,कैरेट,कारतट
cavity,कैविटी,कैविटी
cavalry,कैवेलरी,कैवरलीी
kaivelari,कैवेलरी,कैवेलाी
complex,कॉम्प्लेक्स,कॉम्पेलेक्स
kocchi,कोच्चि,कोच्ची
kochi,कोच्चि,कोचीची
corridor,कोरिडोर,कॉरिडरर
corolla,कोरोला,कोरलला
korola,कोरोला,कोरोला
caolan,कोलन,कैलन
colan,कोलन,कोलन
colon,कोलन,कोलो
calling,कोलिंग,कॉलिंग
koling,कोलिंग,कोलिंग
colorado,कोलोराडो,कोलरडोडो
kolorado,कोलोराडो,कोलोरोडो
kaushal,कौशल,कौशल
kaushalata,कौशलता,कौशलता
kaushalta,कौशलता,कौशलता
kaushambi,कौशाम्बी,कौशंंीदी
cute,क्यूट,कटटूट
quete,क्यूट,क्वूटे
cube,क्यूब,कबबूब
cubeck,क्यूबेक,कबकूबेक
quebec,क्यूबेक,क्वूबेक
cubes,क्यूब्स,कबयूब्स
krantiyon,क्रांतियों,क्रांतियों
cric,क्रिक,क्रिक
crick,क्रिक,क्रिक
cricket,क्रिकेट,क्राकेट
cricketer,क्रिकेटर,क्रिकेटर
cricketing,क्रिकेटिंग,क्रिकेटिंग
kriyayog,क्रियायोग,क्रियायिग
christian,क्रिश्चयन,क्रिस्चिन
kruger,क्रूगर,क्रुगर
craig,क्रेग,क्रैज
creg,क्रेग,क्रेज
cradle,क्रैडल,क्रैडल
chrom,क्रोम,क्रोम
chrome,क्रोम,क्रोम
client,क्लांइट,क्लाइटट
clock,क्लाक,क्लॉक
clasen,क्लासें,क्लेसनन
classen,क्लासें,क्लासेंस
classon,क्लासों,क्लासनं
clay,क्ले,क्ले
claris,क्लेरिस,क्लारिस
cleris,क्लेरिस,क्रीरिस
clerys,क्लेरिस,क्रॉरिस
quantico,क्वांटिको,क्वांटिको
queens,क्वींस,क्विंस
kshitij,क्षितिज,क्षितिज
shitij,क्षितिज,श्षीतीज
kshin,क्षीण,क्षीन
shin,क्षीण,शीषीन
kshetron,क्षेत्रों,क्षेत्रों
shetron,क्षेत्रों,क्षेत्रों
khand,खंडा,खंड
khanda,खंडा,खंडा
khachakhach,खचाखच,खच्चच
khajarana,खजराना,खजराना
khajraana,खजराना,खजराना
khajrana,खजराना,खजराना
khatakati,खटकती,खटकती
khatakti,खटकती,खटकती
kihatkati,खटकती,कि्ााकी
khattapan,खट्टापन,खट्टापन
khat,खत,खा
khani,खनि,खाी
khanik,खनिक,खाीक
khanikarm,खनिकर्म,खाीकर्म
khanikarma,खनिकर्म,खाीकर्म
khanikarmi,खनिकर्म,खाीकर्मीी
khapat,खपत,खपट
khariya,खरिया,खरिया
khalnayak,खलनायक,खलनायक
khaaskar,ख़ासकर,खाासकर
khaskar,ख़ासकर,खसससका
khaastaur,ख़ासतौर,खाास्ौर
khastaur,ख़ासतौर,खसससतौर
khaibar,ख़ैबर,खाैबर
khyber,ख़ैबर,खेाबर
khaein,खाएं,खाएं
khaen,खाएं,खाएं
khayen,खाएं,खायं
khaate,खाते,खाते
khaatey,खाते,खाते
khate,खाते,खाते
khal,खाल,खाल
khinchakar,खिंचकर,खींचकर
khinchkar,खिंचकर,खींचकर
khilana,खिलाना,खिलनना
khinchkar,खींचकर,खींचकर
khuda,खुदा,खुडा
khudai,खुदाई,खुडाई
khurapka,खुरपका,खुरफका
khurpaka,खुरपका,खुरपका
khurasan,खुरासान,खुरासनन
khushiyan,खुशियां,खुशियां
khene,खेने,खेने
khaini,खैनी,खैनी
khairati,खैराती,खैराती
khoikhoi,खोईखोई,खोखखोई
khoya,खोया,खोया
gangrel,गंगरेल,गंग्ील
gangaajal,गंगाजल,गंगामल
gangajal,गंगाजल,गंगाजल
gandaki,गंडकी,गंदकी
gandki,गंडकी,गंदकी
gandh,गंध,गंध
gandha,गंध,गंधाा
gae,गए,गे
gaye,गए,गा
gajara,गजरा,गजरा
gajra,गजरा,गजरा
gadkar,गडकर,गड़र
ganapati,गणपति,गणपती
ganpati,गणपति,गंपती
gatisheel,गतिशील,गतिशील
gatishil,गतिशील,गतिशील
gatishilata,गतिशीलता,गतिशिलता
gadadhar,गदाधर,गदहधर
gammat,गम्मत,गमतमत
gaya,गया,गाा
garibi,गरीबी,गरीबी
garjana,गर्जना,गर्जना
galgand,गलगंड,गागंद
gahmagahmi,गहमागहमी,गहमगगामी
gemhagehmi,गहमागहमी,जेमाह्ेी
ganguly,गांगुली,गंंगुलू
gaanth,गांठ,गांथ
ganth,गांठ,गंंथ
gaanthe,गांठे,गांथे
ganthe,गांठे,गंंथे
ganthen,गांठें,गंंथें
ganthon,गांठों,गंंथों
gaen,गाएं,गाएं
gayen,गाएं,गाएं
gazi,गाज़ी,गाजीी
gajipur,गाजीपुर,गजजीपुर
gazipur,गाजीपुर,गाजीपुर
gayatri,गायत्री,गायत्री
gayitri,गायत्री,गायििरी
gaytri,गायत्री,गायत्री
gidgidate,गिड़गिड़ाते,गिडगगिडेेटे
ginate,गिनते,गिनते
ginte,गिनते,गिंते
girkar,गिरकर,गिरका
girijaghar,गिरजाघर,गिरििगर
girjaghar,गिरजाघर,गिरजागर
girijagharon,गिरजाघरों,गिरजिहरों
girjagharon,गिरजाघरों,गिरजाघरों
girati,गिरती,गिराी
girti,गिरती,गिरती
girish,गिरीश,गिरीश
guan,गुआन,ग्णन
gujar,गुजार,गुजरर
gujarata,गुजारता,गुजररता
gujarta,गुजारता,गुजररता
gujarate,गुजारते,गुजररते
gujarte,गुजारते,गुजररते
gujarana,गुजारना,गुजररना
gujarna,गुजारना,गुजररना
gujara,गुजारा,गुजररा
gujare,गुजारे,गुजररे
gutta,गुट्टा,गुट्टा
gthalidar,गुठलीदार,गथथलीदार
guthalidar,गुठलीदार,गुथलादार
gudna,गुदना,गुड्ा
gumaan,गुमान,गुमान
guman,गुमान,गुमान
gulshan,गुलशन,गुलशा
gunga,गूंगा,गुंगा
grihnagar,गृहनगर,गृहनगर
gruhnagar,गृहनगर,ग्हनगर
galaxion,गैलेक्सियों,गैलकक्शियों
galaxiyon,गैलेक्सियों,गललकक्शियों
galaxyon,गैलेक्सियों,गललकक्सोयों
gochar,गोचर,गोचा
gouchar,गोचर,गौचा
godara,गोदारा,गोदररा
gopichand,गोपीचंद,गोपीचाद
gomake,गोमके,गोमके
gomke,गोमके,गोमके
goel,गोयल,गॉलल
goyal,गोयल,गोयल
gosvaami,गोस्वामी,गोश्वामी
gosvami,गोस्वामी,गोश्वामी
goswami,गोस्वामी,गोस्वामी
gaumukh,गौमुख,गौमुख
gomukh,गौमुख,गोमुख
gaumutr,गौमूत्र,गौमूत्र
gaumutra,गौमूत्र,गौमूत्र
gowmutra,गौमूत्र,गुम्त्र
granthiyaan,ग्रंथियां,ग्रातियां
granthiyan,ग्रंथियां,ग्राथियां
grandhiyon,ग्रंथियों,ग्राधियों
granthiyon,ग्रंथियों,ग्रंथियों
greest,ग्रीस्ट,ग्रीस्ट
greist,ग्रीस्ट,ग्रेस्ट
grist,ग्रीस्ट,ग्रिस्ट
greg,ग्रेग,ग्रेज
granite,ग्रेनाइट,ग्रेनीइट
grenite,ग्रेनाइट,ग्रेनीइट
grandson,ग्रैंडसन,ग्रांडसन
gross,ग्रॉस,ग्रॉस
ghataatop,घटाटोप,घटातोप
ghatatop,घटाटोप,घटातोप
ghataayaa,घटाया,घटाया
ghataya,घटाया,घटाया
ghanakar,घनाकार,घनाकरर
ghabrahat,घबराहट,घबरहहट
ghasi,घासी,घासी
ghisai,घिसाई,घिसाई
ghisi,घिसी,घीसी
ghise,घिसे,घीसे
ghumakkadi,घुमक्कड़ी,घुमकककड़ी
ghumakkdi,घुमक्कड़ी,घुमकककड़ी
ghumakkadon,घुमक्कड़ों,घुमककका़ों
ghumakkaron,घुमक्कड़ों,घुमकाकऱों
ghumakkdon,घुमक्कड़ों,घुमकककोोों
ghummakkadon,घुमक्कड़ों,घूम्ावा़ों
ghumaan,घुमाण,घूमान
ghuman,घुमाण,घूमान
ghoonsa,घूंसा,घूंसा
ghunsa,घूंसा,घुंसा
ghongha,घोंघा,घोंघा
ghontane,घोंटने,घोंटने
ghontne,घोंटने,घोंटने
ghot,घोट,घोट
ghodi,घोड़ी,घोड़ी
ghost,घोस्ट,घोस्त
changul,चंगुल,चंगुल
chand,चंद,चंद
chandan,चंदन,चंदन
chandana,चंदन,चंदना
chandu,चंदू,चंदू
chandon,चंदों,चंदों
chandrabali,चंद्रबली,चंद्रबली
chandramaon,चंद्रमाओं,चंद्रमालं
chakatte,चकत्ते,चकतेते
chaktte,चकत्ते,चक्ेते
chakkar,चक्कर,चक्कर
chkkar,चक्कर,चक्कर
chakshu,चक्षु,चक्षु
chatagaon,चटगांव,चटाांव
chatgaon,चटगांव,चटगांव
chadhane,चढ़ने,चढ़ाे
chadhne,चढ़ने,चढ़ने
chaturdik,चतुर्दिक,चतुर्दिक
chatunshkoniy,चतुष्कोणीय,चतुं्पोणिय
chatushkoniy,चतुष्कोणीय,चतुशककोंीय
chatushkoniya,चतुष्कोणीय,चतुश्कामिय
channa,चन्ना,चा्ना
chabate,चबाते,चबतते
chabutare,चबूतरे,चबुतरे
chabutre,चबूतरे,चबुत्े
chamakna,चमकना,चमकना
chamkana,चमकना,चमकाा
charas,चरस,चास
charit,चरित,चाित
charcha,चर्चा,चर्चा
churcha,चर्चा,चर्चा
charchaon,चर्चाओं,चर्चाओं
chalenge,चलेंगे,चलेंगे
chlenge,चलेंगे,क्ेंग
chahunaur,चहुंओर,चाुनचर
chahunor,चहुंओर,चाुनोर
chanval,चांवल,चंंवल
chanwal,चांवल,चंंवल
chachaji,चाचाजी,चचचजजी
chadar,चादर,चादर
chadaron,चादरों,चादरों
chadron,चादरों,चाद्ों
chan,चान,चान
chanan,चानन,चानन
chaplusi,चापलूसी,चैपलुसी
chayal,चायल,चययल
char,चार,चार
charon,चारों,चररों
charge,चार्ज,चार्ज
chart,चार्ट,चार्ट
charton,चार्टों,चरर्टनं
charts,चार्ट्स,चार्ट्स
chaalit,चालित,चालित
chalit,चालित,चललित
chikitsak,चिकित्सक,चिकित्सक
chikitsakon,चिकित्सकों,चिकित्सकों
chikhali,चिखली,चिखली
chiththi,चिट्ठी,चित्ठी
chitthi,चिट्ठी,चित्ठी
chithhi,चिठ्ठी,चिथीठी
chiththi,चिठ्ठी,चिततती
chitthi,चिठ्ठी,चिततती
chidchidapan,चिडचिडापन,चिड़िद़पन
chidchidapan,चिड़चिड़ापन,चिड़चिड़ापन
chidhate,चिढ़ते,चिढ़ते
chidhte,चिढ़ते,चिड़ते
chithrkar,चित्रकार,चित्रकार
chitrkar,चित्रकार,चित्रकार
chipakane,चिपकने,चिपकाे
chipakne,चिपकने,चिपकने
chipkane,चिपकने,चिपकने
chimati,चिमटी,चिमती
chimti,चिमटी,चिमती
chillane,चिल्लाने,चिलललेने
chee,ची,ची
chi,ची,ची
chuka,चुका,चुका
chune,चुने,चुने
chunar,चूनर,चुनर
changed,चेंज्ड,चंंजेड
chetti,चेट्टी,चेत्टी
chennai,चेन्नई,चेनननी
chero,चेरो,चेरो
chest,चेस्ट,चेस्ट
championship,चैंपियनशिप,चांपीयंश
chor,चोर,चोर
choro,चोरों,चोरो
choron,चोरों,चोरों
chauk,चौक,चौक
chowk,चौक,चोक
chauka,चौका,चौका
chuka,चौका,चुका
chaukiyan,चौकियां,चौकियां
chauki,चौकी,चौकी
chaukhate,चौखटे,चौखते
chauguni,चौगुनी,चौगुनी
chauda,चौड़ा,चौड़ा
chaudah,चौड़ा,चौद़हह
chaudahavan,चौदहवां,चौदहवान
chaudhavan,चौदहवां,चौधहवान
chaudhawan,चौदहवां,चौधहवान
chaupati,चौपाटी,चौपतती
chupaty,चौपाटी,चुपतत्
chaupal,चौपाल,चौपाल
chaurai,चौरई,चौरा
chausinga,चौसिंगा,चौसिंगा
chausingha,चौसिंगा,चौशींहा
chhagan,छगन,छगन
chhabi,छबि,छाी
chhalla,छल्ला,छल्ला
chhallaa,छल्ला,छल्ला
chhaviyaan,छवियाँ,छवियां
chhaviyan,छवियाँ,छवियां
chhavi,छवी,छाी
cheh,छह,चे
chhah,छह,छा
chehon,छहों,चेों
chhahon,छहों,छाों
chhai,छाई,छाई
chhagla,छागला,छगगला
chhajan,छाजन,छाजन
chhaati,छाती,छाती
chhati,छाती,छाती
chhaapemaar,छापेमार,छापममार
chhapemar,छापेमार,छपपामरर
chheenk,छींक,छींक
chhink,छींक,छिंक
chink,छींक,चिंक
chenkein,छींके,चेंकें
chhekein,छींके,छेककें
chhinke,छींके,छिंके
chhinky,छींके,छिंकी
chinke,छींके,चिंके
chhudaane,छुडाने,छुड़वे
chhudane,छुडाने,छुड़ने
chhupakar,छुपकर,छुपकर
chhupkar,छुपकर,छुपकर
chhupkr,छुपकर,छुपकर
chhupata,छुपता,छुपाा
chhupta,छुपता,छुप्ा
chhuptaa,छुपता,छुप्ा
chhura,छुरा,छुरा
chhuraa,छुरा,छुरा
chhuree,छुरी,छुरी
chhuri,छुरी,छुरी
chhure,छुरे,छुरे
chhootane,छूटने,छुटने
chhutane,छूटने,छुटने
chhutne,छूटने,छुटने
chheter,छेत्र,छेतरर
chhetr,छेत्र,छेत्र
chhetter,छेत्र,छेट्तत
chhetri,छेत्री,छेत्री
chhetthari,छेत्री,छेत्थहथ
chhetthri,छेत्री,छेत्थहथ
chai,छै,चा
chhai,छै,छा
chhe,छै,छे
jagaega,जगाएगा,जगाएगा
jagayega,जगाएगा,जगाएगा
jaghaega,जगाएगा,जगहएगा
jgaayega,जगाएगा,जगाएगा
jgayegaa,जगाएगा,जगाएगा
jajaon,जजों,जजां
jajon,जजों,जाों
jad,जड़,जा़
jadd,जड़,जद़
jaddit,जड़ित,जद़ित्
jadeite,जड़ित,जा़ेते
jadet,जड़ित,जा़ेत
jadit,जड़ित,जा़ित
jadein,जड़ें,जा़ें
jaden,जड़ें,जा़ें
jatara,जतरा,जतरा
jatra,जतरा,जतरा
jataati,जताती,जताती
jatatee,जताती,जताती
jatati,जताती,जताती
janagananaa,जनगणना,जनगनना
janaganna,जनगणना,जनगन्ा
jangadnaa,जनगणना,जंगद्ा
janganana,जनगणना,जंगान
janganna,जनगणना,जंगा्
janajagran,जनजागरण,जनजाग््
janjaagran,जनजागरण,जनजागर्
janjagran,जनजागरण,जनजाग्ण
january,जनवरी,जन्री
janahaani,जनहानि,जनहानी
janahani,जनहानि,जनहानी
janhaani,जनहानि,जनहानी
janhani,जनहानि,जनहानी
jnhaani,जनहानि,जनहानी
jamaate,जमाती,जमाते
jamaati,जमाती,जमाती
jamati,जमाती,जमाती
jamaaya,जमाया,जमाया
jamaeya,जमाया,जमाएा
jamaya,जमाया,जमाया
jamayaa,जमाया,जमाया
jamuai,जमुई,जमूई
jamuei,जमुई,जमूई
jamui,जमुई,जमूई
jai,जय,जा
jay,जय,जा
jaidayal,जयदयाल,जयदालल
jayadayal,जयदयाल,जया्ाल
jaydayal,जयदयाल,जयद्ाल
jaibaan,जयबाण,जयबान
jaiban,जयबाण,जयबनन
jaybaan,जयबाण,जयबान
jayalalita,जयललिता,जयलािता
jayalalitaa,जयललिता,जयलािता
jayalalithaa,जयललिता,जयलािता
jaylalita,जयललिता,जयलािता
jarakh,जरख,जरख
zarakh,जरख,जरख
jarda,जर्दा,जरददा
jardaa,जर्दा,जरददा
zarda,जर्दा,जरददा
jalagati,जलगति,जलगती
jalgati,जलगति,जलगती
jalgti,जलगति,जलगती
jalte,जलते,जलते
jalbharav,जलभराव,जलभा्व
jalbhraav,जलभराव,जलभर्व
jalbhrav,जलभराव,जलभर्व
jalvaayu,जलवायु,जलवायु
jalvayu,जलवायु,जलवायु
jalesar,जलेसर,जलेसर
jasmeet,जसमीत,जसमीत
jasmit,जसमीत,जस्ित
jassee,जस्सी,जस्सी
jassi,जस्सी,जस्सी
jamaanaa,ज़माना,जममाना
jamana,ज़माना,जममाना
zamaanaa,ज़माना,जममाना
zamana,ज़माना,जममाना
jaljale,ज़लज़ले,जललजलले
zalzale,ज़लज़ले,जललझलेे
zee,ज़ी,जीी
jubaan,ज़ुबान,जुुबान
juban,ज़ुबान,जुुबान
zuban,ज़ुबान,ज़ुबान
jaanch,जाँच,जांच
jaaunch,जाँच,जाउच
janch,जाँच,जांच
jaunch,जाँच,जौउच
jaagriti,जागृति,जागृति
jagriti,जागृति,जगगरती
jagruti,जागृति,जागरत्
jajamau,जाजमऊ,जजजमा
jajmau,जाजमऊ,जजजमा
jajmauu,जाजमऊ,जजजमौ
jaat,जात,जात
jat,जात,जात
jaatak,जातक,जातक
jatak,जातक,जटतक
jaatakon,जातकों,जातकों
jaatkon,जातकों,जातकों
jatakon,जातकों,जटतकों
jaatiyon,जातियों,जातियों
jatiyon,जातियों,जातियों
jaankaaron,जानकारों,जानकारों
jaankaron,जानकारों,जानकररों
jankaron,जानकारों,जननकररों
jaanam,जानम,जानम
janam,जानम,जननम
jaayke,जायके,जायके
jayke,जायके,जायके
jaawar,जावर,जावर
zawar,जावर,जावर
jing,जिंग,जिंग
gin,जिन,गिन
jeen,जिन,जीन
jin,जिन,जीन
ginee,जिनी,गिनी
jinee,जिनी,जीनी
jini,जिनी,जीनी
geneva,जिनीवा,जेनेवा
jeneva,जिनीवा,जेनेवा
jiniva,जिनीवा,जिनिवा
gypsy,जिप्सी,जिप्सी
jimme,जिम्मे,जिम्मे
jiya,जिया,जिया
gic,जीआईसी,जीईईसी
gr,जीआर,गीआर
gm,जीएम,जीएम
gsm,जीएसएम,गीएम
gtod,जीतोड़,ग्टोड़
gtor,जीतोड़,गटटरऱ
jeetod,जीतोड़,जीतोड़
jitod,जीतोड़,जितोड़
jean,जीन,जीन
jeen,जीन,जीन
jin,जीन,जीन
jeenon,जीनों,जीनों
jinon,जीनों,जीनों
jeepney,जीपनी,जीपने
jipani,जीपनी,जिपनी
jeeyo,जीयो,जीयो
jio,जीयो,जिओो
jiyo,जीयो,जियो
jeera,जीरा,जीरा
jira,जीरा,जीरा
jeevant,जीवंत,जीवंत
jivant,जीवंत,जीवंत
jeevan,जीवन,जीवन
jeewan,जीवन,जीवन
jivan,जीवन,जीवन
jiwan,जीवन,जीवन
jeevanshaili,जीवनशैली,जीवनशाली
jivanshaili,जीवनशैली,जीवनशीली
jeevniyaan,जीवनियां,जीवनियां
jivaniya,जीवनियां,जीवनीया
jivaniyaan,जीवनियां,जीवनियां
jivaniyan,जीवनियां,जीवनियां
jeevraaj,जीवराज,जीवराज
jivraj,जीवराज,जीवर्ज
jua,जुए,जुआ
jue,जुए,जूए
juye,जुए,जुए
jutee,जुटी,जूटी
juti,जुटी,जूटी
judaai,जुड़ाई,जुड़ाई
judae,जुड़ाई,जुड़ा
judai,जुड़ाई,जुड़ाई
judaai,जुदाई,जुडाई
judai,जुदाई,जुडाई
junoon,जुनून,जूनून
junun,जुनून,जुनुन
junooni,जुनूनी,जुनूनी
jununi,जुनूनी,जुनुनी
jubair,जुबेर,जुबैर
juber,जुबेर,ज़बेर
zubair,जुबेर,ज़बैर
juraab,जुराब,जुराब
jurab,जुराब,जुराब
julaahon,जुलाहों,जुलाहों
julahon,जुलाहों,जुलहहों
julmon,जुल्मों,जूलममों
zulmon,जुल्मों,जुलममों
jood,जूड,जूद
jud,जूड,जूड़
junagadh,जूनागढ,जुनागढ़
junagarh,जूनागढ,जुनागढ़
junior,जूनियर,जुनियर
jealous,जूलूस,जील्स
juloos,जूलूस,जूलूस
julus,जूलूस,जूलूस
jetha,जेठा,जेठा
jenner,जेनर,जेनर
generic,जेनरिक,जेनेीक
jenrick,जेनरिक,जेनििक
generat,जेनरेट,जननर्ट
generate,जेनरेट,जननरेट
jenee,जेनी,जीनी
jenni,जेनी,जेनी
jenny,जेनी,जेनी
james,जेम्स,जमम्स
jeremy,जेरेमी,जेरममी
gerome,जेरोम,जीरोम
jerome,जेरोम,जीरोम
jacks,जैक्स,जैक्स
jain,जैन,जैन
gene,जैने,जेन
jaine,जैने,जैने
jaino,जैनों,जैनो
jainon,जैनों,जैनों
jerry,जैरी,जेरी
jasper,जैस्पर,जससपपर
jogging,जॉगिंग,जॉगिंग
johnson,जॉनसन,जॉन्ं
jobs,जॉब्स,जॉब्स
jockey,जोकि,जॉकी
joki,जोकि,जोकी
jokhim,जोखिम,जोखीम
joddta,जोड़ता,जोड़ता
jodta,जोड़ता,जोड़ता
jorhta,जोड़ता,जोड़ता
jodiyon,जोड़ियों,जोड़ियों
jodo,जोड़ो,जोडोो
jaun,जौं,जौन
gyatavya,ज्ञातव्य,ज्ञातव्य
gyatvy,ज्ञातव्य,ज्ञातव्य
gyapit,ज्ञापित,ज्ञापित
jyotiba,ज्योतिबा,ज्योतिबा
joint,ज्वाइंट,जॉयेइंट
jvar,ज्वार,ज्वरर
jwar,ज्वार,ज्वार
jvaaron,ज्वारों,ज्वारों
jvaron,ज्वारों,ज्वररों
jwaron,ज्वारों,ज्वारों
jewellers,ज्वेलर्स,ज्वेलर्स
jh,झ,ज
jha,झ,झा
jhalakti,झलकती,झलकती
jhalkati,झलकती,झलकती
jhalla,झल्ला,झल्ला
jhankana,झांकना,झंंकना
jhankna,झांकना,झंंकना
jheel,झील,झील
jhil,झील,झिल
jheelon,झीलों,झीलों
jhilon,झीलों,झिलों
jhuthala,झुठला,झुठला
jhuthla,झुठला,झुठला
jhuthalane,झुठलाने,झुठलाने
jhuthlane,झुठलाने,झुठलाने
tankaar,टंकार,टंकार
tankar,टंकार,टंकरर
takara,टकरा,टकरा
takra,टकरा,तकरा
takaraon,टकरावों,तकराओों
takravon,टकरावों,तकरावों
tapakti,टपकती,तपक्ी
tapkati,टपकती,तपकती
time,टाइम,टाइम
timer,टाइमर,टाइमर
taoo,टाऊ,ताऊ
tau,टाऊ,ताऊ
tapoowo,टापुओं,तापूवं
tapuon,टापुओं,तापूओं
tapuwo,टापुओं,तापूवं
tied,टायर्ड,टाईड
tired,टायर्ड,तायर्ड
tyred,टायर्ड,टायर्ड
tarch,टार्च,तरर्च
torch,टार्च,टॉर्च
tik,टिक,टीक
teap,टिप,टीप
tip,टिप,टीप
tippanikar,टिप्पणीकार,तिप्पणाकार
tippnikar,टिप्पणीकार,तिप्पणिकार
tivolee,टिवोली,टिवोली
tivoli,टिवोली,तिवोली
teekamgarh,टीकमगढ़,तीकागढ़
tikamgarh,टीकमगढ़,तीकागढ़
teekon,टीकों,टीकों
tikon,टीकों,टिकों
two,टु,ट्ड
tension,टेंशन,टेंसन
tenis,टेनिस,टेनिस
tennis,टेनिस,टेनिस
taste,टेस्ट,तसस्ट
test,टेस्ट,तेस्ट
tasting,टेस्टिंग,तसस्टिंग
testing,टेस्टिंग,टेस्टिंग
tainin,टैनिन,तैनिन
tenin,टैनिन,तेनिन
tanish,टैनिस,तानिश
tennis,टैनिस,टेनिस
taboo,टैबू,तबबू
taiboo,टैबू,तैबू
taobao,टैबू,ताबा
tonic,टॉनिक,टोनिक
tonga,टोंगा,तोंगा
toka,टोका,टोका
tuesday,ट्यूजडे,तूयूज्े
tuning,ट्यूनिंग,ट्यूनिंग
tuberculosis,ट्यूबरक्यूलोसिस,टबयूबर्ॉलोल्स
tuberkyulosis,ट्यूबरक्यूलोसिस,टबरूबर््लोलिस
truck,ट्रक,ट्रक
trangistor,ट्रांजिस्टर,ट्रांजिस्टर
tranjister,ट्रांजिस्टर,ट्राजजीस्टर
transistor,ट्रांजिस्टर,ट्रांसिस्टर
transfer,ट्रान्सफर,ट्रांससफर
tribunal,ट्रिब्युनल,त्रिबुयूलल
tribunal,ट्रिब्यूनल,त्रिबुयूलल
trubyunal,ट्रिब्यूनल,ट्रुब्यूलल
truth,ट्रुथ,त्रुठ
tuth,ट्रुथ,तूठूठ
traded,ट्रेडेड,ट्रेडेड
trabal,ट्रेबल,ट्रैबल
trebal,ट्रेबल,ट्रेबल
trouble,ट्रेबल,ट्रबबल
traip,ट्रैप,ट्रैप
trap,ट्रैप,ट्रेप
trot,ट्रॉट,ट्रोट
trott,ट्रॉट,ट्रोट
thakkar,ठक्कर,ठक्कर
thakkr,ठक्कर,ठकरकर
thaharne,ठहरने,ठहराे
thahrane,ठहरने,ठहराे
theharne,ठहरने,ठहराे
thikane,ठिकाने,ठिकाने
thumari,ठुमरी,थुमाी
thumri,ठुमरी,थूम्ी
theinga,ठेंगा,ठेंगा
thenga,ठेंगा,ठेंगा
thengaa,ठेंगा,ठेंगा
daglas,डगलस,दाला
douglas,डगलस,डॉल्
dabhara,डभरा,दारा
dabhra,डभरा,दारा
dabhoi,डभोई,दाोई
dam,डम,डम
dum,डम,डम
darate,डराते,दरतते
daratey,डराते,दरतते
daravani,डरावनी,दरववनी
darawani,डरावनी,दरववनी
dravani,डरावनी,द्ववनी
down,डाउन,डॉउन
daak,डाक,डाक
dak,डाक,डकक
daka,डाका,डकका
dabi,डाबी,दाबी
dabolim,डाबोलिम,डेबोलिम
dinosaur,डायनासोर,डिइनोउोर
diaries,डायरीज,डायरिज
dit,डिट,दिट
depthiriya,डिप्थीरिया,देप्टिरियाई
diphtheria,डिप्थीरिया,दिप्टेरिया
de,डीई,दे
dealership,डीलरशिप,देले्िप
dvc,डीवीसी,डीवीसी
dubaana,डुबाना,दुबाना
dubana,डुबाना,दुबनना
dubona,डुबोना,दूबोना
dulne,डुलने,दूलने
doonarpur,डूंगरपुर,दूनररपुर
doongarpur,डूंगरपुर,दूंगरपुर
dungarpur,डूंगरपुर,दंंगरपुर
dungerpur,डूंगरपुर,डंंगरपुर
dubana,डूबना,दुबना
dubna,डूबना,दुबना
dangerous,डेंजरस,डंंगर्
daisy,डेजी,दैसी
dazy,डेजी,देजी
deji,डेजी,देजी
deputy,डेप्युटी,डिप्टूटी
davidson,डेविडसन,दाविसनन
devidson,डेविडसन,डेविसनन
davey,डेवी,देवी
devi,डेवी,देवी
dewey,डेवी,देवी
destination,डेस्टिनेशन,डेस्टिनेशन
datson,डैटसन,दतट्न
datsun,डैटसन,दतट्न
daddy,डैडी,दाड्
dark,डॉर्क,डरर्क
dork,डॉर्क,डॉर्क
dose,डोज,डॉज
domenic,डोमेनिक,डोमेनिक
doranda,डोरंडा,दोरंडा
dolane,डोलने,डोलेे
dolne,डोलने,डोलने
dual,ड्युअल,दुयूलल
duak,ड्यूक,दुयूक
duke,ड्यूक,दुकूक
drame,ड्रामे,ड्रेम
dramen,ड्रामे,ड्रेमें
drager,ड्रेजर,ड्रेजर
dredger,ड्रेजर,ड्रेजर
dreijer,ड्रेजर,ड्रेजर
dhakaal,ढकाल,ढकाल
dhakal,ढकाल,ढकाल
dhakkal,ढकाल,ढक्क
dhkal,ढकाल,ढकाल
dhale,ढले,ढले
dhoondh,ढूंढ,धूंढ
dhundh,ढूंढ,धूंध
dhoondhata,ढूंढता,धूंढाा
dhundhata,ढूंढता,धुंढता
dhundhta,ढूंढता,धूंढता
dhoondhi,ढूंढी,धूंढी
dhundhi,ढूंढी,धूंधी
tanjavur,तंजावुर,तंजावूर
thanjavur,तंजावुर,तंजावूर
tantr,तंत्र,तंत्र
tantra,तंत्र,तंत्र
tantrikao,तंत्रिकाओं,तंत्रिकाहं
tantrikaon,तंत्रिकाओं,तंत्रिकाओं
tantro,तंत्रों,तंत्रों
tantron,तंत्रों,तंतररों
tagade,तगड़े,तगड़े
tagde,तगड़े,तगड़े
tadipaar,तड़ीपार,तद़ीपार
tadipar,तड़ीपार,तद़ीपार
tani,तनी,ताी
tapan,तपन,ताा
tarafa,तरफा,तरफा
tarfa,तरफा,तरफा
tarabganj,तरबगंज,तरागंज
taras,तरस,तास
taraash,तराश,तााश
tarash,तराश,तााश
tarashay,तराशे,तराशय
tarashe,तराशे,तराशे
tareeko,तरीको,तरीको
tariko,तरीको,ताीको
tark,तर्क,तर्क
tarkvaad,तर्कवाद,तर्कवाद
tarkvad,तर्कवाद,तर्कवाद
tarkwaad,तर्कवाद,तर्कवाद
tarko,तर्कों,तर्को
tarkon,तर्कों,तरककों
talabgaar,तलबगार,तलगग्र
talabgar,तलबगार,तलगग्र
talbagaar,तलबगार,तलबगरर
talbagar,तलबगार,तलबगरर
talawe,तलवे,तलाे
talve,तलवे,तलवे
talawon,तलवों,तलाों
talvon,तलवों,तलवों
tahakhana,तहखाना,तहखाना
tahkhaana,तहखाना,तहखाना
tahkhana,तहखाना,तहखाना
taantaa,तांता,तांता
tanta,तांता,तांता
tambe,तांबे,तांबे
tanbe,तांबे,तंंबे
taaja,ताजा,ताजा
taajaa,ताजा,तजजा
taaza,ताजा,ताजा
taja,ताजा,तजजा
taza,ताजा,तजजा
tansen,तानसेन,तांसें
taapmaanon,तापमानों,तापमानों
tapmano,तापमानों,तपपमानों
tapmanon,तापमानों,तपपमानों
taapti,ताप्ती,ताप्ती
tapti,ताप्ती,तपप्ती
tarabai,ताराबाई,तरराबाई
taseer,तासीर,तससीर
tasir,तासीर,तससीर
taahi,ताहि,ताही
tahi,ताहि,तहही
tikone,तिकोने,टिकोने
tirupati,तिरूपति,तिरुपति
tiwari,तिवारी,तिवारी
ti,ती,ती
teer,तीर,तीर
tir,तीर,तीर
teeron,तीरों,तीरों
tiron,तीरों,तीरों
tirthatan,तीर्थाटन,तीर्थततन
tungnath,तुंगनाथ,तुंगठाथ
tughlaq,तुगलक,तुघला
tuglak,तुगलक,तुगला
tughlakabad,तुगलकाबाद,तुगलाडडडद
tughlaqabad,तुगलकाबाद,तुघलाडडडद
tuglakabad,तुगलकाबाद,तुगला्डाद
tugalaki,तुगलकी,तुगलकी
tugalki,तुगलकी,तुगलकी
tuglaki,तुगलकी,तुगलाी
tufail,तुफैल,टुफाल
tejaji,तेजाजी,तेजाजी
teji,तेजी,तेजी
tel,तेल,टेल
telon,तेलों,टेलों
to,तो,टो
toh,तो,तोह
taul,तौल,तौल
tyohaar,त्यौहार,त्योहार
tyohar,त्यौहार,त्योहार
tyoihar,त्यौहार,त्योहार
tyauharon,त्यौहारों,त्यौहारों
tyoharon,त्यौहारों,त्योहारों
tyoiharon,त्यौहारों,त्योहारों
trijata,त्रिजटा,त्रिजाा
trijta,त्रिजटा,त्रिजता
triya,त्रिया,त्रिया
tremasik,त्रैमासिक,ट्रेमासिक
trimasik,त्रैमासिक,त्रिमिसिक
tse,त्से,टीसे
thaki,थकी,ठाी
thki,थकी,थकी
tharti,थर्टी,ठरतती
thirty,थर्टी,थि्टी
thane,थाणे,ठाने
thaanvi,थानवी,थानवी
thanvi,थानवी,थननवी
theateron,थिएटरों,ठिटटरों
theatron,थिएटरों,ठीतत्ों
theaters,थिएटर्स,थीटटर्स
theater,थियेटर,ठीटटटर
theatre,थियेटर,ठीतटटर
theateron,थियेटरों,ठिटेटरों
theatron,थियेटरों,ठीततट्
thitron,थियेटरों,तिततत्ों
theaters,थियेटर्स,थीटरट््स
theatrs,थियेटर्स,थीटटट््स
thiyeters,थियेटर्स,थियेटर्स
thirake,थिरके,थिरके
thirke,थिरके,थिरके
thief,थीफ,थीफ
then,थेन,ठें
theni,थेनी,ठेनी
thailee,थैली,थाली
thaili,थैली,थाली
thaile,थैले,थाले
dang,दंग,डंग
danga,दंगा,दंगा
dangon,दंगों,डंगों
dampati,दंपति,दापती
danpati,दंपति,दंपती
dampatiyon,दंपतियों,दंपतियों
dampattiyon,दंपतियों,दमपत्यों
danptiyon,दंपतियों,दंपतियों
dadreva,ददरेवा,दद्ेवा
dadrewa,ददरेवा,दद्ेवा
damoh,दमोह,दमोह
dardara,दरदरा,दरदाा
dardraa,दरदरा,दरदरा
durdhara,दरदरा,दू्र्हा
darmiyaan,दरमियान,दरमियां
darmiyan,दरमियान,डरमियां
darjano,दर्जनों,दर्जनों
darjanon,दर्जनों,दर्जनों
darp,दर्प,डर्प
darra,दर्रा,दर्रा
dalbadal,दलबदल,दलबदल
dalbadl,दलबदल,दलबदल
dali,दली,दाी
dastaanaa,दस्ताना,दस्ताना
dastana,दस्ताना,दस्ताना
dastavej,दस्तावेज,दस्तेवेज़
dahan,दहन,दहा
dahal,दहल,दहल
da,दा,दा
daakhil,दाखिल,दाखिल
dakhil,दाखिल,दखखिल
daakhile,दाखिले,दाखिले
dakhile,दाखिले,दखखिले
daataa,दाता,दाता
data,दाता,दतता
dadari,दादरी,दददरी
daanshil,दानशील,दांशील
danshil,दानशील,दंंशील
daabholkar,दाभोलकर,दाभोककर
dabholkar,दाभोलकर,दाभोलकर
damale,दामले,दममले
damle,दामले,दममले
dayitv,दायित्व,दायित्व
dayitva,दायित्व,दायित्व
dayitwa,दायित्व,दायित्व
dayitvon,दायित्वों,दायित्वों
dayityon,दायित्वों,दायित्यों
darul,दारूल,दररुल
daav,दाव,दाव
daaw,दाव,दाव
dav,दाव,दाव
daw,दाव,दाव
daah,दाह,दाह
dah,दाह,दाह
dikhla,दिखला,दिखला
dikhlaa,दिखला,दिखला
dikhaaiye,दिखाइये,दिखाइएे
dikhaiye,दिखाइये,दिखाइएे
dikhaai,दिखाई,दिखाई
dikhai,दिखाई,दिखाई
dikhayi,दिखाई,दिखाई
dikhaaee,दिखाईं,दिखाई
dikhaai,दिखाईं,दिखाई
dikhaain,दिखाईं,दिखाएं
dikhaee,दिखाईं,दिखाई
dikhai,दिखाईं,दिखाई
dikhayin,दिखाईं,दिखाएए
dikhai,दिखायी,दिखाईी
dikhayi,दिखायी,दिखाईी
dikhaai,दिखार्इ,दिखाईी
dikhae,दिखार्इ,दिखाएे
dikhai,दिखार्इ,दिखाईी
dikhayi,दिखार्इ,दिखाईीई
dita,दिता,दीता
ditaa,दिता,दीता
dinaank,दिनांक,दिनांक
dinank,दिनांक,दिनांक
dirham,दिरहम,दीरहम
dilaaye,दिलाये,दिलाएे
dilaye,दिलाये,दिलाएे
deewani,दिवानी,दीवानी
diwani,दिवानी,दिवानी
divy,दिव्य,दिव्य
divya,दिव्य,दिव्य
divyata,दिव्यता,दिव्यता
divya,दिव्या,दिव्य
deepan,दीपन,दीपा
deepn,दीपन,दीप्
dipan,दीपन,दीपा
deepsingh,दीपसिंह,दीपसिंह
dipsingh,दीपसिंह,दिपसिंह
deepika,दीपिका,दीपिका
dipika,दीपिका,दीपिका
deeya,दीया,दीय
diya,दीया,दिया
dukaanon,दुकानों,दुकानों
dukanon,दुकानों,दुकानों
dukke,दुक्के,डुक्के
dukhan,दुखन,दुखा
dukhit,दुखित,दुखित
dukhiyon,दुखियों,दुखियों
dukhon,दुखों,दूखों
dubhashiyon,दुभाषियों,दुभाषियों
durgun,दुर्गुण,दुर्गुण
durghatna,दुर्घटना,दुर्घटना
durghtna,दुर्घटना,दुर्घतना
duneerti,दुर्नीति,दुनननीति
durniti,दुर्नीति,दूर्णिति
durbhiksh,दुर्भिक्ष,दुर्भिक्ष
duvidhaaen,दुविधाएं,दुविधाएं
duvidhaayein,दुविधाएं,दुविधाएं
duvidhaen,दुविधाएं,दुविधाएं
duwaidhaayein,दुविधाएं,दुवाधाएं
dune,दूने,दूने
doordarshan,दूरदर्शन,दूरदर्शन
durdarshan,दूरदर्शन,दूरदर्शन
dradh,दृढ़,दृद़
dridh,दृढ़,दृद़
dekhoge,देखोगे,देखोगे
denevaali,देनेवाली,देनेवाली
denevali,देनेवाली,देनेवाली
denewaali,देनेवाली,देनेवाली
denewali,देनेवाली,देनेवाली
deonar,देवनार,देयारर
devnaar,देवनार,देवनार
devnar,देवनार,देवनार
devaapur,देवापुर,देवापुर
devapur,देवापुर,देवापुर
devi,देवी,देवी
devisingh,देवीसिंह,डेविसिंह
devisinh,देवीसिंह,देविसिंह
deshkaal,देशकाल,देशकाल
deshkal,देशकाल,देशकलल
deshke,देशके,देशके
desai,देसाई,देसाई
doge,दोगे,डोगे
dvadash,द्वादश,द्वादा
dwaadas,द्वादश,द्वादा
dvivedi,द्विवेदी,द्विवेदी
dwivedi,द्विवेदी,द्विवेदी
dhande,धंधे,धंडे
dhandhe,धंधे,धंधे
dhndhe,धंधे,ढंधे
dhandhon,धंधों,धंधों
dhandon,धंधों,ढंडों
dhakelte,धकेलते,ढकेलते
dhkelate,धकेलते,ढिेलते
dhatana,धटना,ढााा
dhatna,धटना,ढाना
dhankuber,धनकुबेर,धंकुबरर
dhanadhany,धनधान्य,धनाान्य
dhandhaanya,धनधान्य,धन्ान्य
dhandhany,धनधान्य,धन्ान्य
dhandhanya,धनधान्य,धन्ान्य
dhamkaataa,धमकाता,धमकाता
dhamkata,धमकाता,धमकतता
dhamm,धम्म,धम्म
dhamma,धम्मा,धम्मा
dhammaa,धम्मा,धम्मा
dharmnath,धर्मनाथ,धर्मनाथ
dharmraj,धर्मराज,धर्मराज
dharmesh,धर्मेश,धर्मेश
dhasmaanaa,धस्माना,धस्माना
dhasmana,धस्माना,धस्माना
dhaak,धाक,ढाक
dhak,धाक,ढकक
dhaaga,धागा,ढागा
dhaagaa,धागा,ढागा
dhaga,धागा,ढगगा
dhaatuein,धातुएं,धातुएं
dhaatuyein,धातुएं,धातुएं
dhtuen,धातुएं,धततुएं
dhaarak,धारक,धारक
dharak,धारक,धारक
dhaari,धारी,धारी
dhari,धारी,धारी
dhuan,धुआं,धुंन
dhunaai,धुनाई,धुनाई
dhunai,धुनाई,धुनाई
dhuriya,धुरिया,धुरिया
dhuriyaa,धुरिया,धुरिया
dhuni,धूनी,धूनी
dhairyavaan,धैर्यवान,धैर्यवान
dhairyawan,धैर्यवान,धैर्यवान
dhiryavan,धैर्यवान,धिर्यवां
dhiryawaan,धैर्यवान,धिर्यवान
dhokebaaj,धोखेबाज,धोकेबाज
dhokebaaz,धोखेबाज,धोकेबाज
dhokebaj,धोखेबाज,धोकेबाज
dhokebaz,धोखेबाज,धोकेबाज
dhokhebaaj,धोखेबाज,धोखेबाज
dhokhebaj,धोखेबाज,धोखेबाज
dhona,धोना,ढोना
dhonaa,धोना,ढोना
dhoraaji,धोराजी,धोराजी
dhoraji,धोराजी,धोराजी
dhoron,धोरों,धोरों
dhyeyavaadi,ध्येयवादी,ध्यावाादी
dhyeywadi,ध्येयवादी,ध्यावाादी
dyeyvadi,ध्येयवादी,देयावाादी
dhrupad,ध्रुपद,धृरुपद
drupad,ध्रुपद,द्रुपद
nandanvan,नंदनवन,नंदवाा
nadsa,नक्सल,नद्सा
naksal,नक्सल,नकससल
naxal,नक्सल,नक्सल
naksalavaad,नक्सलवाद,नकससलवाद
naksalwaad,नक्सलवाद,नकससलवाद
naksalwad,नक्सलवाद,नकससलवाद
naxalvaaad,नक्सलवाद,नक्लववाद
naxalwaad,नक्सलवाद,नक्लववाद
naksaliyon,नक्सलियों,नकससलियों
naxaliyon,नक्सलियों,नकससलियों
naksali,नक्सली,नकससली
naxali,नक्सली,नकससली
nagaada,नगाड़ा,नगडड़ा
nagaadaa,नगाड़ा,नगदड़ा
nagaaraa,नगाड़ा,नगाऱा
nageene,नगीने,नाीने
nagine,नगीने,नािन
najarandaaj,नजरंदाज,नजरअदाज़
najarandaaz,नजरंदाज,नजरअदाज़
nazarandaaj,नजरंदाज,नज़अदाज़
nazarandaaz,नजरंदाज,नज़अदाज़
nazarandaz,नजरंदाज,नज़अदाज़
najraane,नजराने,नजराने
nazraane,नजराने,नज़ाने
najariyon,नजरियों,नज़ियों
najriyon,नजरियों,नज़ियों
najron,नजरों,नजरों
najeeb,नजीब,नजीब
najib,नजीब,नाीब
najibabaad,नजीबाबाद,नजीबादाद
najibabad,नजीबाबाद,नजीबाबाद
najeem,नजीम,नजीम
najim,नजीम,नजीम
nazeem,नजीम,नजीम
nana,नना,नाा
nanaa,नना,नाा
nna,नना,नना
nanhe,नन्हें,नन्हे
nanhein,नन्हें,नन्हें
nabj,नब्ज़,नब्ज
nabja,नब्ज़,नब्जाा
nabz,नब्ज़,नब्ज
namkeen,नमकीन,नमकीन
namkin,नमकीन,नमकीन
narnaari,नरनारी,नर्ारी
narnari,नरनारी,नर्ररी
narbhakshi,नरभक्षी,ना्क्षी
naram,नरम,नाम
narm,नरम,नर्
narmi,नरमी,नर्ी
narsanhar,नरसंहार,नरसाहरर
narsanharon,नरसंहारों,नरसाहररों
november,नवंबर,नॉंबर
navketan,नवकेतन,नवकेतन
navjaagaran,नवजागरण,नवजागरण
navjagran,नवजागरण,नवजागरा
navdha,नवधा,नवधा
navvadhoo,नववधू,नववाू
navvadhu,नववधू,नववाू
nava,नवा,नवा
navaa,नवा,नवा
navate,नवाते,नवतते
navanagar,नवानगर,नवानगर
nawanagar,नवानगर,नवानगर
navya,नव्या,नव्य
naseem,नसीम,नसीम
nasim,नसीम,नसीम
nights,नाइट्रस,नाइट्स्
nitrous,नाइट्रस,नाइट्रो
nineteez,नाइनटीज,निइनेीज
nineties,नाइनटीज,नाइनेीज
ninties,नाइनटीज,निइटिाज
nau,नाऊ,नौऊ
nauu,नाऊ,नौऊ
naakaam,नाकाम,नाकाम
nakam,नाकाम,नककमम
naagrik,नागारिक,नागररिक
nagarik,नागारिक,नागररिक
nagrik,नागारिक,नागररिक
nagin,नागिन,नागिन
nadep,नाडेप,नाडेप
nanak,नानक,नानक
nanavati,नानावती,नानावती
napane,नापने,नापने
napne,नापने,नापने
napa,नापा,नापा
naam,नाम,नाम
naamdhari,नामधारी,नामधारी
namdhari,नामधारी,नममधारी
namankano,नामांकनों,नममकंकोों
namankanon,नामांकनों,नममकंकनों
namavaliyon,नामावलियों,नममावलियों
naamo,नामो,नामो
namo,नामो,नममो
nayak,नायक,नायक
naraji,नाराजी,नाराजी
naraingarh,नारायणगढ़,नारेइंगढ़
narayangadh,नारायणगढ़,नारायंगढ़
narayangarh,नारायणगढ़,नारायंगढ़
naasar,नासर,नासर
nahargadh,नाहरगढ,नहहरगढ़
nahargarh,नाहरगढ,नहहरगढ़
nikalegi,निकलेगी,निकलेगी
nikalogi,निकलेगी,निकलोगी
nikaalani,निकालनी,निकालनी
nikaalni,निकालनी,निकालीी
nikalani,निकालनी,निकालनी
nikalni,निकालनी,निकालनी
nicki,निकी,निकी
nicky,निकी,निकी
niki,निकी,निकी
niketan,निकेतन,निकेटन
nikhar,निखर,निखर
nikhari,निखरी,निखाी
nigar,निगर,निगर
nigger,निगर,निग्
nichala,निचला,निचला
nichalaa,निचला,निचला
nichla,निचला,निचला
nitiyon,नितियों,नितियों
nitya,नित्या,नित्य
nityaa,नित्या,नित्या
nidhaan,निधान,निधान
nidhan,निधान,निधान
nipatara,निपटारा,निपट्रा
niptaara,निपटारा,निपटारा
niptaaraa,निपटारा,निपटारा
niptara,निपटारा,निप््रा
niyanta,नियंता,नियंता
niyantaa,नियंता,नियंता
niya,निया,निया
niyaa,निया,निया
nirdeshika,निर्देशिका,निर्देशिका
nirdeshikaa,निर्देशिका,निर्देशिका
nirdhaarit,निर्धारित,निर्धारित
nirdharit,निर्धारित,निर्धारित
nirbaadh,निर्बाध,निर्बाध
nirbadh,निर्बाध,निर्बाध
niveshakartaa,निवेशकर्ता,निवेशकर्ता
niveshkarta,निवेशकर्ता,निवेशकर्ता
niveshkartaa,निवेशकर्ता,निवेशकर्ता
nischal,निश्चल,निश्चल
nishchal,निश्चल,निश्चल
nishnaat,निष्णात,निष्णतत
nishpaap,निष्पाप,निष्पाप
nihalaani,निहलानी,निहाननी
nihlaani,निहलानी,निहलानी
nihlani,निहलानी,निहलननी
nihaalchand,निहालचंद,निहालचंद
nihalchand,निहालचंद,निहालचंद
neechaaee,नीचाई,नीचाई
nichaai,नीचाई,निचाई
neat,नीट,नीट
neet,नीट,नीत
neetiyon,नीतियों,नीतियों
nitiyon,नीतियों,नितियों
neelagaay,नीलगाय,नीलगाए
nilgai,नीलगाय,निलगाईी
neelaabh,नीलाभ,नीलाभ
nilaabh,नीलाभ,निलाभ
nilabh,नीलाभ,निलाभ
nuskhe,नुस्खे,नुस्खे
noon,नून,नून
nun,नून,नून
noobiyaa,नूबिया,नूबिया
nubiya,नूबिया,नुबिया
nrityashaili,नृत्यशैली,नृत्यााली
nrutyashaili,नृत्यशैली,नृत्यााली
nrityon,नृत्यों,नृत्यों
nrutyon,नृत्यों,नृत्यों
neco,नेको,नेको
neko,नेको,नेको
nectar,नेक्टर,नेक्टर
neg,नेग,नेग
nega,नेग,नेगा
networking,नेटवर्किग,नेटवर्किं
neto,नेटो,नेटो
neta,नेता,नेता
nemo,नेमो,नेमो
nelsan,नेल्सन,नेलससन
nelson,नेल्सन,नेल्सन
nations,नेशंस,नैशनस
nehara,नेहरा,नेहरा
nehra,नेहरा,नेहरा
naino,नैनो,नैनो
nano,नैनो,नानो
naivedh,नैवेद्य,नैवेध्ध
naivegh,नैवेद्य,नैवेग
nevedya,नैवेद्य,नेवेद्य
nominate,नॉमिनेट,नोमिनेट
naukari,नोकरी,नौकरी
naukri,नोकरी,नौकरी
nokari,नोकरी,नोकरी
nokri,नोकरी,नोकरी
notes,नोट्स,नोटेस
nora,नोरा,नोरा
nori,नोरी,नोरी
nauner,नौनेर,नौनेर
nauvahan,नौवहन,नौवाा
naushad,नौशाद,नौषदद
panchaang,पंचांग,पंचांग
panchang,पंचांग,पंचांग
punchang,पंचांग,पंचांग
punjab,पंजाब,पूजबब
punjabiyon,पंजाबियों,पूजबबियों
pantar,पंटर,पंतर
panter,पंटर,पंटर
punter,पंटर,पंटर
pakaayein,पकाएं,पकाएं
pakaayen,पकाएं,पकाएं
pakaen,पकाएं,पकाएं
pakayen,पकाएं,पकाएं
pakaude,पकौड़े,पकौड़े
pakshapat,पक्षपात,पक्षातत
pakshpaat,पक्षपात,पक्षपात
pakshpat,पक्षपात,पक्षपतत
pagabadha,पगबाधा,पगााधा
pagbadha,पगबाधा,पगभ्धा
pagalaa,पगला,पगला
pagla,पगला,पग्ा
pachaataa,पचाता,पचाता
pachata,पचाता,पचाता
patakkar,पटककर,पटककर
patkathaayein,पटकथाएं,पटकथाएं
patkathaein,पटकथाएं,पटकथाएं
patkathayen,पटकथाएं,पटकथाएं
patki,पटकी,पटकी
pataraani,पटरानी,पतरानी
patrani,पटरानी,पतरननी
patavaari,पटवारी,पतवारी
patwari,पटवारी,पतवारी
pataakshep,पटाक्षेप,पताक्षेप
patachep,पटाक्षेप,पटचचेप
patakshep,पटाक्षेप,पटकक्षेप
patiya,पटिया,पटिया
patiyaa,पटिया,पटिया
padaraunaa,पडरौना,पद़ाना
padrauna,पडरौना,पद़्ना
padega,पड़ेगा,पड़ेगा
padegaa,पड़ेगा,पड़ेगा
padha,पढ़ा,पढ़ा
padhaa,पढ़ा,पढ़ा
padhaataa,पढ़ाता,पढ़तता
padhata,पढ़ाता,पढ़तता
patili,पतीली,पटिली
padamawati,पदमावती,पदमावती
padmavati,पदमावती,पद्ावती
padmawati,पदमावती,पद्ावती
padadhikari,पदाधिकारी,पदाधिकारी
panapnaa,पनपना,पनप्ा
panpana,पनपना,पनपाा
panaamaa,पनामा,पनामा
panama,पनामा,पनामा
paneer,पनीर,पाीर
pammi,पम्मी,पा्मी
pammu,पम्मी,पा्मू
pummi,पम्मी,पु्मी
pummy,पम्मी,पम्मी
pardesiyon,परदेसियों,परदेशियों
pardesi,परदेसी,परदेसी
parva,परवा,परवा
parvaa,परवा,परवा
parwa,परवा,परवा
parwaa,परवा,परवा
paraadheen,पराधीन,पराधीन
paraadhin,पराधीन,पराधीन
paradheen,पराधीन,पराधीन
paradhin,पराधीन,पराधीन
parikalpit,परिकल्पित,परिकल्पित
parimal,परिमल,परिमल
parishad,परिषद,परिषद
parishadiy,परिषदीय,परिशाीय
parishadiya,परिषदीय,परिशा्य
parishadon,परिषदों,परिशदों
parikhaen,परीक्षाएं,परिखहषेएं
parikshaayein,परीक्षाएं,परिक्षाएं
parikshaen,परीक्षाएं,परीक्षाएं
parosane,परोसने,परोसने
parosne,परोसने,परोसने
parda,पर्दा,परददा
pardaa,पर्दा,परददा
purple,पर्पल,पू्पल
palatne,पलटने,पलतने
paltane,पलटने,पलटने
palaari,पलारी,पलारी
palari,पलारी,पलारी
pale,पले,पले
palmonari,पल्मोनरी,पलममोनाी
pulmonary,पल्मोनरी,पू्मोनरी
plus,पल्स,प््स
pulse,पल्स,पु्स
pashtun,पश्तून,पश्तुण
pashtuun,पश्तून,पश्तुओ
pahan,पहन,पहन
pehan,पहन,पहन
pahantaa,पहनता,पहनता
pahnata,पहनता,पहनता
pehnate,पहनता,पहनते
pahanate,पहनते,पहनते
pahante,पहनते,पहनते
pehnate,पहनते,पहनते
pahnaakar,पहनाकर,पहनाकर
pahnakar,पहनाकर,पहनककर
pehnakar,पहनाकर,पहनककर
pahnaati,पहनाती,पहनाती
pahnati,पहनाती,पहनतती
pehnati,पहनाती,पहनतती
pahani,पहनी,पहनी
pahni,पहनी,पहनी
pehni,पहनी,पहनी
pahno,पहनो,पहनो
pehno,पहनो,पहनो
pahla,पहला,पहला
pahlaa,पहला,पहला
pehla,पहला,पहला
paheliyaan,पहेलियां,पहेलियां
paheliyan,पहेलियां,पहेलियां
paheliyon,पहेलियों,पहेलियों
pide,पाइड,पाइड
pied,पाइड,पाइड
pythagoras,पाइथागोरस,प्यथायोरस
pythogaras,पाइथागोरस,प्यथायररस
paakhandi,पाखंडी,पाखंडी
pakhandi,पाखंडी,पखखंडी
paathshaalaayein,पाठशालाएं,पाठशालेएं
pathshalayein,पाठशालाएं,पठठशालेएं
pathshalayen,पाठशालाएं,पठठशालेएं
paathyakram,पाठ्यक्रम,पाठ्यकररम
pathyakram,पाठ्यक्रम,पाठययकररम
pathykram,पाठ्यक्रम,पाठ्यकररम
paathyakramon,पाठ्यक्रमों,पाठ्यकररमों
pathyakramon,पाठ्यक्रमों,पाठययकररमों
pathykramon,पाठ्यक्रमों,पाठ्यकररमों
population,पापुलेशन,पोउुलेशन
pailot,पायलट,पैललो
pilot,पायलट,पिललो
pailoton,पायलटों,पैललोों
piloton,पायलटों,पिललोों
paarampariktaa,पारंपरिकता,पार्परिकता
paramparikata,पारंपरिकता,पररंपरिकता
paramparikta,पारंपरिकता,पररंपरिकता
parnel,पार्नेल,पार्नलल
parnell,पार्नेल,परर्नलल
parleron,पार्लरों,पार्लेों
parloron,पार्लरों,पार्लोों
parlouron,पार्लरों,पार्लोों
paarshad,पार्षद,पार्शद
parshad,पार्षद,पार्शद
paarshadon,पार्षदों,पार्शडों
parshadon,पार्षदों,पार्शडों
parshdon,पार्षदों,पार्शोों
policy,पालिसी,पॉलिसी
pinta,पिंटा,पिंटा
pintaa,पिंटा,पिंटा
piega,पिएगा,पीएगा
piyegaa,पिएगा,पियगा
pic,पिक,पीक
pick,पिक,पिक
pik,पिक,पीक
piki,पिकी,पीकी
piky,पिकी,पिकी
picture,पिक्चर,पिक्चर
pigmentation,पिगमेंटेशन,पिग्ेंटेशन
pigs,पिग्स,पीग्स
pichde,पिछड़े,पिछड़े
pichhade,पिछड़े,पिछड़े
pijja,पिज्जा,पिज्जा
pizza,पिज्जा,पिज़ज़
pitaamaha,पितामह,पितामाा
pitamah,पितामह,पीतामा
pipra,पिपरा,पिप्ा
pipraa,पिपरा,पिप्ा
pipli,पिपली,पिपली
pearson,पियरसन,पीरर्न
pierson,पियरसन,पिरर्न
peary,पियरी,पीयरी
piyari,पियरी,पियाी
pisaai,पिसाई,पिसाई
pisai,पिसाई,पिसाई
pihaani,पिहानी,पिहानी
pihani,पिहानी,पिहानी
pib,पीआईबी,पीबईबी
pr,पीआर,प्आर
pml,पीएमएल,पीएमएल
pmo,पीएमओ,पोममओ
pmch,पीएमसीएच,पीएचची
psv,पीएसवी,पीएववी
peaking,पीकिंग,पीकिंग
picking,पीकिंग,पिकिंग
peetne,पीटने,पीटने
pitne,पीटने,पिटने
pedia,पीडिया,पेडिया
pidiya,पीडिया,पीड़या
pidiyaa,पीडिया,पिडिया
peelepan,पीलेपन,पीलेपन
pilepan,पीलेपन,पिलेपन
pv,पीवी,पीवी
pisa,पीसा,पीसा
putla,पुतला,पुतला
putlaa,पुतला,पुतला
putaliyaan,पुतलियां,पुटाियां
putliyan,पुतलियां,पुटलियां
putaliyon,पुतलियों,पुटाियों
putliyon,पुतलियों,पुटलियों
putali,पुतली,पुताी
putli,पुतली,पुतली
putale,पुतले,पुताे
putle,पुतले,पुटले
putin,पुतिन,पुटीन
putul,पुतुल,पुटुल
punargathan,पुनर्गठन,पुनर्गाा
puna,पुना,पुना
puraane,पुराने,पुराने
purane,पुराने,पुराने
puru,पुरू,पुरू
purjon,पुर्जों,पूर्जों
purzon,पुर्जों,पूर्जों
pulam,पुलम,पुला
pushkin,पुश्किन,पुश्किन
pushkarana,पुष्करणा,पुष्करण
pushkarna,पुष्करणा,पुष्कर्
pushkarnaa,पुष्करणा,पुष्कर्
pushp,पुष्प,पुष्प
pushpa,पुष्प,पुष्पा
pushpa,पुष्पा,पुष्पा
pushpaa,पुष्पा,पुष्पा
pushpit,पुष्पित,पुष्पित
pushpon,पुष्पों,पुष्पों
poonjikaran,पूंजीकरण,पूंजीकरण
punjikaran,पूंजीकरण,पुंजीकरण
poojaapaath,पूजापाठ,पूजापाठ
poojapath,पूजापाठ,पूजापथठ
pujapath,पूजापाठ,पूजापथठ
pooranpur,पूरनपुर,पूर्पुर
puranpur,पूरनपुर,पूरापुर
purvaabhaas,पूर्वाभास,पूर्वाभास
purvaabhas,पूर्वाभास,पूर्वाभास
purvabhaas,पूर्वाभास,पूर्वाभास
purvabhas,पूर्वाभास,पूर्वाभास
pendulam,पेंडुलम,पेंदुलम
pendulum,पेंडुलम,पेंदुलम
peg,पेग,पेग
pages,पेजेज,पेज्स
pajej,पेजेज,पजजेज
pace,पेस,पेस
pes,पेस,पेस
pastry,पेस्ट्री,पास्ट्री
pangolin,पैंगोलिन,पैंगोलिन
pengolin,पैंगोलिन,पेंगोलिन
packard,पैकर्ड,पैका्ड
package,पैकेज,पैकेज
packageon,पैकेजों,पककाजों
packagon,पैकेजों,पककागों
packajon,पैकेजों,पककांों
paim,पैम,पैम
pam,पैम,पाम
paratrooper,पैराट्रूपर,पारतट्रोपर
peratrupers,पैराट्रूपर,पेराट्रोपर्
paranormal,पैरानॉर्मल,पररोनोम्मल
peranormal,पैरानॉर्मल,पैरोनोम्मल
paraffin,पैराफिन,पररफफिन
parafin,पैराफिन,परराफीन
perafin,पैराफिन,पेराफीन
parabola,पैराबोला,पररबबोला
perabola,पैराबोला,पेराबोला
polimer,पॉलिमर,पॉलिमर
polymer,पॉलिमर,पॉलममर
polishing,पॉलिशिंग,पॉलिशिंग
pokar,पोकर,पोकर
poker,पोकर,पोकर
polish,पोलिश,पोलिश
poshit,पोषित,पोशित
posta,पोस्ता,पोस्टा
pau,पौ,पा
pyade,प्यादे,प्यादे
prakriya,प्रक्रिया,प्रक्रिया
prakshepak,प्रक्षेपक,प्रक्षेपक
pratigya,प्रतिज्ञा,प्रतिज्ञा
prtigyaa,प्रतिज्ञा,प्रतिज्ञा
pratibhutiyan,प्रतिभूतियां,प्रतिभूतियां
pratiyon,प्रतियों,प्रतियों
prativaad,प्रतिवाद,प्रतिवाद
prativad,प्रतिवाद,प्रतिवाद
prativadi,प्रतिवादी,प्रतिवादी
pratishat,प्रतिशत,प्रतिषा
praneet,प्रनीत,प्रणीत
pranit,प्रनीत,प्रणित
prapaat,प्रपात,प्रपात
prapat,प्रपात,प्रपतत
prapaaton,प्रपातों,प्रपातों
prapaton,प्रपातों,प्रपततों
prabodhini,प्रबोधिनी,प्रबोधिनी
prayaasrat,प्रयासरत,प्रयास््
prayasarat,प्रयासरत,प्रयासरत
pradarshan,प्रर्दशन,प्रदददरा
prardashan,प्रर्दशन,प्रदददाा
pravati,प्रवत्ति,प्रवतीती
pravatti,प्रवत्ति,प्रवत्ति
prashaasanik,प्रशासनिक,प्रशासनिक
prashasanik,प्रशासनिक,प्रशासनिक
prashasnik,प्रशासनिक,प्रशंसििक
prashaasanon,प्रशासनों,प्रशासनों
prashansanon,प्रशासनों,प्रशंसनों
prashasanon,प्रशासनों,प्रशासनों
prashikshu,प्रशिक्षु,प्रशिक्षु
prastaavon,प्रस्तावों,प्रस्तावों
prastavon,प्रस्तावों,प्रस्तावों
prahlaad,प्रहलाद,प्रहलाद
prahlad,प्रहलाद,प्रहल्द
prahasan,प्रहसन,प्रहस्
prahsan,प्रहसन,प्रहस्
prahaarak,प्रहारक,प्रहारक
praharak,प्रहारक,प्रहारक
prahad,प्रह्लाद,प्रहाद
prahlad,प्रह्लाद,प्रहललाड
privacy,प्राइवेसी,प्रवववेसी
praakkathan,प्राक्कथन,प्रककातठा
prakkathan,प्राक्कथन,प्रकक्तठा
praan,प्राण,प्राण
pran,प्राण,प्राण
pranon,प्राणों,प्रणणों
prathamik,प्राथमिक,प्रथथमिक
prathmik,प्राथमिक,प्रथथमिक
praathmikata,प्राथमिकता,प्राथमिकता
prathmikta,प्राथमिकता,प्रथथमिकता
prathmiki,प्राथमिकी,प्रथथमिकी
pradhyapakon,प्राध्यापकों,प्रदध्यापकों
prapt,प्राप्त,प्राप्त
prapta,प्राप्त,प्रपप्ताा
prapti,प्राप्ती,प्रपप्ति
praroop,प्रारूप,प्रारूप
prarup,प्रारूप,प्रारूप
priyamani,प्रियामणि,प्रियममणी
proof,प्रूफ,प्रूफ
pruf,प्रूफ,प्रफफ
prekshakon,प्रेक्षकों,प्रेक्षकों
prem,प्रेम,प्रेम
premlata,प्रेमलता,प्रेमलता
prema,प्रेमा,प्रेमा
premi,प्रेमी,प्रेमी
profit,प्रॉफिट,प्रोफिट
processing,प्रॉसेसिंग,प्रोसेसिंग
programers,प्रोग्रामर्स,प्रोग्रामर्स
programmers,प्रोग्रामर्स,प्रोग्रामर्म
programs,प्रोग्रामर्स,प्रोग्राम््स
proto,प्रोटो,प्रोटो
propellant,प्रोपेलेंट,प्रोपेलेंट
propellent,प्रोपेलेंट,प्रोपेलेंट
praudh,प्रौढ,प्रौढ़
proud,प्रौढ,प्राड़
plan,प्लेन,प्लान
plane,प्लेन,प्लेन
fund,फंड,फंड
funda,फंडा,फूडा
funding,फंडिंग,फंडिंग
fandon,फंदों,फंडों
fagua,फगुआ,फाुआ
fatane,फटने,फटाे
phatane,फटने,फटने
phatne,फटने,फटने
fadfadata,फड़फड़ाता,फड़फड़तता
phadphadata,फड़फड़ाता,फड़फड़तता
fatehgadh,फतेहगढ़,फतेहगढ़
fatehgarh,फतेहगढ़,फतहहगढ़
fabti,फब्ती,फैतती
phabti,फब्ती,फ़तती
farse,फरसे,फर्े
pharase,फरसे,फरसे
pharse,फरसे,फर्े
farheen,फरहीन,फरहीन
farhin,फरहीन,फरहीन
farth,फर्थ,फर्थ
ferth,फर्थ,फे्थ
pharth,फर्थ,फर्थ
farmion,फर्मिऑन,फा्मियन
fermion,फर्मिऑन,फर्मियन
firmian,फर्मिऑन,फा्मियन
farookhabad,फर्रुखाबाद,फरुकोबाब
farrukhabad,फर्रुखाबाद,फरुकुबबबदद
farukhabad,फर्रुखाबाद,फरुकुबाद
farookhnagar,फर्रूखनगर,फरुजोगनगर
farrukhnagar,फर्रूखनगर,फर्लुंनगर
farukhnagar,फर्रूखनगर,फरुजुगनगर
falata,फलता,फलता
falta,फलता,फलता
phalata,फलता,फलता
falne,फलने,फलने
phalne,फलने,फलने
falitarth,फलितार्थ,फलीत्र्थ
phalitartha,फलितार्थ,फलीत्र्थ
falibhoot,फलीभूत,फलिभूत
falibhut,फलीभूत,फलिभूत
phalibhoot,फलीभूत,फलीभूत
favvara,फव्वारा,फवववररा
fawaara,फव्वारा,फवावारा
favvare,फव्वारे,फवववररे
fawaare,फव्वारे,फवारेरे
favvaron,फव्वारों,फवववररों
fawaaron,फव्वारों,फवारररों
faisala,फ़ैसला,फैैसला
faisla,फ़ैसला,फैैसला
follow,फ़ॉलो,फोोलो
faansi,फांसी,फांसी
fansi,फांसी,फैंसी
fatama,फातमा,फटतमा
fatma,फातमा,फटट्ा
faaf,फाफ,फाफ
phaaph,फाफ,फाफ
farsi,फारसी,फररसी
forcee,फारसी,फॉर्ी
farm,फार्म,फार्म
form,फार्म,फॉर्म
farmic,फार्मिक,फार्मिक
formic,फार्मिक,फॉर्मिक
formulae,फार्मूले,फोर्मुला
formule,फार्मूले,फॉर्मूल
formuley,फार्मूले,फॉर्मूली
pharmacy,फार्मेसी,फरर्मेसी
pharma,फार्मों,फरर्मां
pharmon,फार्मों,फरर्मों
farms,फार्म्स,फरर्म्स
finger,फिंगर,फांगर
fikra,फिक्र,फिक्र
physician,फिजिशियन,फिजिसिया
firti,फिरती,फिरती
fisla,फिसला,फिसला
fislaa,फिसला,फिसला
feeder,फीडर,फीडर
fulaaye,फुलाए,फुलाए
fulae,फुलाए,फूलाए
fulay,फुलाए,फुलाए
furti,फूर्ति,फूर्ती
phurti,फूर्ति,फूरतती
fus,फूस,फूस
phoos,फूस,फूस
phus,फूस,फूस
feka,फेका,फेका
fefada,फेफड़ा,फेफड़ा
fefda,फेफड़ा,फेफड़ा
facial,फेशियल,फैसिलल
fact,फैक्ट,फैक्ट
federal,फैडरल,फेडरल
failkar,फैलकर,फैलकर
failaaiye,फैलाइए,फैलाइए
failaea,फैलाइए,फैलाएय
failaiya,फैलाइए,फैलायय
failaiye,फैलाइए,फैलाइए
failegi,फैलेगी,फैलेजी
font,फॉन्ट,फॉं्ट
fogat,फोगाट,फोगतत
phogat,फोगाट,फोगतत
fod,फोड़,फॉड़
phod,फोड़,फोड़
foda,फोड़ा,फोड़ा
fodaa,फोड़ा,फोड़ा
phoda,फोड़ा,फोड़ा
fode,फोड़े,फोड़
phode,फोड़े,फोड़
fodo,फोड़ों,फोडोो
fodon,फोड़ों,फोड़ों
phodo,फोड़ों,फोड़ो
fortis,फोर्टिस,फॉर्टिस
fusion,फ्यूजन,फ़यूजन
fuji,फ्यूजी,फूजूजी
fyuji,फ्यूजी,फ्यूजी
francisca,फ्रांसिस्का,फ्रेंसिसाका
franciska,फ्रांसिस्का,फ्रेंसिक्का
fransiska,फ्रांसिस्का,फ्रैंसिस्का
francisco,फ्रांसिस्को,फ्रेंसिस्कों
francisko,फ्रांसिस्को,फ्रेंसिस्कों
fransisko,फ्रांसिस्को,फ्रैंसिस्कों
fringe,फ्रिंज,फ्रिंग
friendship,फ्रेंडशिप,फ्रेंदिीप
frost,फ्रॉस्ट,फ्रॉस्ट
flin,फ्लिन,फ्लिन
flynn,फ्लिन,फ्लेन
flesh,फ्लेश,फ्लेश
bang,बंग,बंग
bung,बंग,बंग
bangbandhu,बंगबंधु,बंगबंधू
bangbhang,बंगभंग,बंगभंग
bangash,बंगश,बंगश
bangsh,बंगश,बागश
bantane,बंटने,बंटाे
bantne,बंटने,बंटने
bandhati,बंधती,बंधाी
bandhti,बंधती,बंधती
bandhan,बंधान,बंधनन
bandhuon,बंधुओं,बंधुओं
bamba,बंबा,बाबा
mumba,बंबा,मुबा
bakaayon,बकायों,बकायों
bakayon,बकायों,बकायों
bakaul,बकौल,बकौल
bakoul,बकौल,बकूल
baksa,बक्सा,बकससा
baksi,बक्सी,बकससी
bakse,बक्से,बकससे
bakhshane,बख्शने,बख़शाे
bakhshne,बख्शने,बख़शने
bagad,बगड़,बगड़
bagd,बगड़,बग़्
bageechi,बगीची,बगीची
bagichi,बगीची,बगीची
bachat,बचत,बचा
bachati,बचती,बचाी
bachti,बचती,बचती
bajana,बजना,बजना
bajrangi,बजरंगी,बारंगी
bajaj,बजाज,बजाज
batalvi,बटालवी,बतललवी
badhachadhakar,बढ़ाचढ़ाकर,बढ़ाचा़ककर
badata,बढ़ाता,बड़तता
badhaataa,बढ़ाता,बढ़तता
badhata,बढ़ाता,बढ़तता
badhaati,बढ़ाती,बढ़ाती
badhati,बढ़ाती,बढ़तती
badhayi,बढ़ायी,बा़ाईी
badhav,बढ़ाव,बढ़ाव
badhotari,बढ़ोतरी,बढ़ौतरी
badhotri,बढ़ोतरी,बा़ोत्ी
batlaae,बतलाए,बतलाई
batlaaye,बतलाए,बतलाए
batlae,बतलाए,बतलाई
batlaye,बतलाए,बतलाए
batlaakar,बतलाकर,बतलाका
batlakar,बतलाकर,बतलाका
badlapur,बदलापुर,बदलपपुर
badali,बदली,बदली
badli,बदली,बदली
badam,बदाम,बदमम
banva,बनवा,बावा
banvaa,बनवा,बनवा
banaam,बनाम,बनाम
banam,बनाम,बनाम
bnaam,बनाम,बनाम
baniya,बनिया,बनिया
banu,बनू,बाू
barpaayaa,बरपाया,बर्ाया
barpaya,बरपाया,बर्ाया
barsa,बरसा,बरसा
barsaata,बरसाता,बरसाता
barsaataa,बरसाता,बरसाता
barsata,बरसाता,बरसतता
barhad,बरहद,बाहद
baraat,बरात,बरात
barat,बरात,बातत
braat,बरात,ब्ात
baraamad,बरामद,बरामा
baramad,बरामद,बरामद
bramad,बरामद,ब्ामद
baramade,बरामदे,बरामदे
baramde,बरामदे,बरामदे
bare,बरे,बाे
birth,बर्थ,बी्थ
baljeet,बलजीत,बा्ीत
baljit,बलजीत,बा्ीत
ballabh,बल्लभ,बल्लभ
balla,बल्ला,बल्ला
balli,बल्ली,बल्ली
basava,बसावा,बसववा
bastiyon,बस्तियों,बस्तियों
bahroopiya,बहरूपिया,बहरूपीया
bahrupiya,बहरूपिया,बहरूपीया
bahamaas,बहामास,बहममास
bahamas,बहामास,बहममसस
bahaav,बहाव,बहाव
bahav,बहाव,बहवव
bhav,बहाव,भावव
bahavalpur,बहावलपुर,बहावलुुर
bahawalpur,बहावलपुर,बहावलुुर
bahuchara,बहुचरा,बहुचाा
banthia,बांठिया,बंंठिया
banthiya,बांठिया,बंंठिया
bandhate,बांधते,बंंधते
bandhte,बांधते,बंंधते
banbi,बांबी,बांबी
bombi,बांबी,बोमबी
bounceron,बाउंसरों,बॉउंसरों
bowling,बाउलिंग,बोललिंग
baku,बाकू,बाकू
bakuu,बाकू,बककू
baag,बाग,बाग
bag,बाग,बगग
bagh,बाग,बाघ
bagabani,बागबानी,बगगबननी
bagbani,बागबानी,बागबानी
bagali,बागली,बगगली
bagli,बागली,बगगली
baagiyon,बागियों,बागियों
bagiyon,बागियों,बगगियों
baago,बागो,बागो
bago,बागो,बागो
baji,बाज़ी,बाजीी
bazi,बाज़ी,बाजीी
bajaru,बाजारू,बाजारू
bazaru,बाजारू,बाजररू
bajuon,बाजुओं,बाजूओं
badh,बाध,बाढ
badha,बाधा,बढढा
baadhaaon,बाधाओं,बाधाओं
baadhaon,बाधाओं,बाढाओं
badhaaon,बाधाओं,बढधाओं
badhaon,बाधाओं,बढधाओं
baadhit,बाधित,बाधित
badhit,बाधित,बढधित
baani,बानी,बानी
bani,बानी,बानी
baapa,बापा,बापा
baapaa,बापा,बापा
bapa,बापा,बपपा
bapaa,बापा,बपपा
baabat,बाबत,बाबत
babat,बाबत,बबबत
babt,बाबत,बबब्
bayern,बायर्न,बेयर्न
byrun,बायर्न,ब्यरून
barah,बारह,बारह
baarahamaasee,बारहमासी,बारहमासी
barahamasi,बारहमासी,बारहमससी
barahmasi,बारहमासी,बारहमससी
barahsinga,बारहसिंगा,बररहसिंगा
barasingha,बारहसिंगा,बारससिंहा
bala,बाला,बलला
baalti,बाल्टी,बालतटी
balti,बाल्टी,बालतटी
balty,बाल्टी,बाल्टी
baldvin,बाल्डविन,बालददवीन
baldwin,बाल्डविन,बालदडवीन
bavaji,बावजी,बावजी
bavji,बावजी,बावजी
baawaraa,बावरा,बावरा
bavra,बावरा,बावरा
bawara,बावरा,बववरा
baahulya,बाहुल्य,बहहुल्य
bahuly,बाहुल्य,बहहुल्य
bahulya,बाहुल्य,बहहुल्य
box,बाॅक्स,बॉकक्स
bikherati,बिखेरती,बिखेरती
bikherti,बिखेरती,बिखररती
biggest,बिगेस्ट,बिग्स्ट
bichhua,बिछुआ,बिचुआ
bichhuaa,बिछुआ,बिछुआ
biji,बिजी,बीजी
busy,बिजी,बससी
buzy,बिजी,बजजी
bipin,बिपिन,बिपिन
bilae,बिलाई,बिलाए
bilai,बिलाई,बिलाई
billa,बिल्ला,बिल्ला
billaa,बिल्ला,बिल्ला
bilhaur,बिल्हौर,बिलहहौर
bisva,बिस्वा,बिस्वा
biswa,बिस्वा,बिस्वा
bag,बीएजी,बगगगी
bikaner,बीकानेर,बिकननरर
bikaneri,बीकानेरी,बिकननेरी
bk,बीके,बीके
beejak,बीजक,बीजक
bijak,बीजक,बिजक
beef,बीफ,बीफ
beem,बीम,बीम
bim,बीम,बाम
beemon,बीमों,बीमों
bimon,बीमों,बामों
beerganj,बीरगंज,बीरगंज
birganj,बीरगंज,बिरगंज
beesavaan,बीसवां,बीसवां
bisavan,बीसवां,बीसवान
bisawan,बीसवां,बीसवान
beast,बीस्ट,बेस्ट
budvig,बुडविग,बुड़िग
budwig,बुडविग,बुडविग
bull,बुल,बुल
bulaao,बुलाओ,बुलाओ
bulao,बुलाओ,बुलाओ
bule,बुले,बुले
bulletin,बुलेटिन,बुलेटिन
brijesh,बृजेश,ब्जेश
benvar,बेंवर,बेनवर
benwar,बेंवर,बेनवर
beaulad,बेऔलाद,बेयल्ड
bekaaboo,बेकाबू,बैकाबू
bekabu,बेकाबू,बेकाबू
bechakar,बेचकर,बेचकर
bechkar,बेचकर,बेचकर
bechate,बेचते,बेचते
bechte,बेचते,बेचते
bediyan,बेड़ियां,बेडिियां
bethanal,बेथनल,बेथनल
bethnal,बेथनल,बेथनल
benis,बेनिस,बेनिस
belacha,बेलचा,बेलचा
belcha,बेलचा,बेल्ा
belinda,बेलिंडा,बेलिंदा
bevkufana,बेवकूफाना,बेवकूफाना
bewakoofaanaa,बेवकूफाना,बेवकूफानी
bewkufana,बेवकूफाना,बेवकूफान
besahaaraa,बेसहारा,बेसाारा
besahara,बेसहारा,बेसहररा
basin,बेसिन,बससिन
besin,बेसिन,बेसिन
basil,बेसिल,बससिल
besil,बेसिल,बेसिल
bandage,बैंडेज,बंंगेज
bandej,बैंडेज,बंंडेज
baithantey,बैठते,बैठाेंे
baithate,बैठते,बैठते
baitool,बैतूल,बैटूल
baitul,बैतूल,बैटूल
betul,बैतूल,बेटुल
baini,बैनी,बैनी
beni,बैनी,बेनी
bairakpur,बैरकपुर,बैरकपुर
barrackpore,बैरकपुर,बैरकरोरे
baila,बैला,बैला
bella,बैला,बेल्
ballistic,बैलिस्टिक,बालिस्टिस
bells,बैल्स,बेल्स
bostan,बॉस्टन,बोस्टन
bosten,बॉस्टन,बॉस्टे
boston,बॉस्टन,बोस्टन
bokaro,बोकारो,बोकररो
bodara,बोदरा,बोदरा
bodra,बोदरा,बोद्ा
bodraa,बोदरा,बोद्ा
bona,बोना,बोना
borkar,बोरकर,बोरकर
borivali,बोरीवली,बोरीवाी
boriwali,बोरीवली,बोरीवाी
born,बोर्न,बॉर्न
bolane,बोलने,बोलने
boliae,बोलिए,बोलिय
boliy,बोलिए,बोलीय
boliye,बोलिए,बोलिय
bosaan,बोसान,बोसान
bosan,बोसान,बोसनन
bauni,बौनी,बौनी
bouni,बौनी,बौनी
byaawa,ब्यावर,बययावा
byavar,ब्यावर,बययावर
brajesh,ब्रजेश,ब्रेेश
brijesh,ब्रजेश,ब्रेेश
brahmalin,ब्रह्मलीन,ब्रह्मलीन
brahmleen,ब्रह्मलीन,ब्रह्मलीन
brahmlin,ब्रह्मलीन,ब्रह्मलीन
bravo,ब्रावो,ब्रावो
brigatn,ब्रिगटन,ब्रिगटन
brighton,ब्रिगटन,ब्राट्न
brigton,ब्रिगटन,ब्रिग्ो
brigadier,ब्रिगेडियर,ब्रिगेडियर
britain,ब्रिटेन,ब्रीटेन
breed,ब्रीद,ब्रीड
brock,ब्रोक,ब्रॉक
brok,ब्रोक,ब्रॉक
broke,ब्रोक,ब्रॉक
brocken,ब्रोकन,ब्रॉके
broken,ब्रोकन,ब्रॉके
blosam,ब्लॉसम,ब्लोसम
blossom,ब्लॉसम,ब्लॉसम
bhagaane,भगाने,भगाने
bhagane,भगाने,भगाने
bhadakaaya,भड़काया,भड़काया
bhadakaya,भड़काया,भड़काया
bhadkaayaa,भड़काया,भड़काया
bhadkaya,भड़काया,भड़काया
bharakaaya,भड़काया,भड़काया
bharakaya,भड़काया,भड़काया
bhabhoot,भभूत,भभूत
bhabhut,भभूत,भभूत
bhay,भय,भय
bhaya,भय,भयाा
bhayo,भयो,भयो
bharatanatyam,भरतनाट्यम्,भातमात्मम
bharatnatyam,भरतनाट्यम्,भातनेत्यम
bhartnatyam,भरतनाट्यम्,भा््ात्यम
bharate,भरते,भाते
bharte,भरते,भरते
bharani,भरनी,भरणी
bharni,भरनी,भरनी
bharane,भरने,भरने
bharne,भरने,भरने
bhara,भरा,भाा
bhavishya,भविष्य,भविष्य
bhaate,भाते,भाते
bhate,भाते,भटते
bhanu,भानू,भानु
bhabar,भाबर,भाबर
bhareeye,भारीय,भररीय
bhariy,भारीय,भारीय
bhavanaon,भावनाओं,भववनाओं
bhavnaon,भावनाओं,भावनाओं
bhaskar,भास्कर,भासककर
bheed,भीड़,भीड़
bheera,भीरा,भीरा
bhira,भीरा,भीरा
bheesham,भीष्म,भीषमम
bhisham,भीष्म,भिषमम
bhishm,भीष्म,भिश्म
bhugat,भुगत,भुगत
bhugata,भुगता,भुगता
bhugta,भुगता,भुगता
bhutto,भुट्टो,भूट्टो
bhumi,भुमि,भूमी
bhurbhura,भुरभुरा,भूरभूरा
bhookh,भूख,भूख
bhukh,भूख,भूख
bhookhi,भूखी,भूखी
bhukhi,भूखी,भुखी
bhoogol,भूगोल,भूगोल
bhugol,भूगोल,भूगोल
bhootal,भूतल,भूता
bhutal,भूतल,भूता
bhoopsingh,भूपसिंह,भूपसिंह
bhupsingh,भूपसिंह,भूपसिंह
bhumi,भूमी,भूमि
bhumika,भूमी,भूमिका
bhulata,भूलता,भुलता
bhulataa,भूलता,भुलता
bhulta,भूलता,भुलता
bhula,भूला,भुला
bhulaa,भूला,भुला
bhooli,भूली,भूली
bhuli,भूली,भूली
bhulo,भूलो,भुलो
bhulon,भूलों,भूलों
bhusi,भूसी,भूसी
bhooswaami,भूस्वामी,भूस्वामी
bhusvami,भूस्वामी,भूस्वामी
bhuswami,भूस्वामी,भूस्वामी
bhengapan,भेंगापन,भेंगापन
bhairavnath,भैरवनाथ,भैरवनाथ
bhairo,भैरो,भैरो
bhogatey,भोगते,भोगते
bhogte,भोगते,भोगते
bhola,भोला,भोला
bholi,भोली,भोली
bholu,भोलू,भोलू
bhaunho,भौंहों,भौंहों
bhaunhon,भौंहों,भौंहों
bhoonhon,भौंहों,भूंठों
bhraant,भ्रांत,भ्रांत
bhrant,भ्रांत,भ्रंंत
brant,भ्रांत,ब्रंंट
bhraanti,भ्रांति,भररांती
bhranti,भ्रांति,भररंंती
branti,भ्रांति,ब्रंंती
bhraantiyan,भ्रांतियां,भ्रांतियां
bhrantiyan,भ्रांतियां,भ्रंंतियां
bhraantiyon,भ्रांतियों,भ्रांतियों
bhrantiyon,भ्रांतियों,भ्रंंतियों
mangesh,मंगेश,मंगेश
manch,मंच,माच
manchit,मंचित,माचित
mancheeye,मंचीय,मंचीय
manchiy,मंचीय,माचीय
manchiya,मंचीय,माचिय
manchon,मंचों,माचों
manjil,मंजिल,मंजिल
manzil,मंजिल,मंजिल
manjila,मंजिला,मंजीला
manzila,मंजिला,मंजीला
manjilein,मंजिलें,मंजीलें
manjilen,मंजिलें,मंजीलें
manzilein,मंजिलें,मंजीलें
manto,मंटो,मंटो
mantriyon,मंत्रियों,मंत्रियों
makrani,मकरानी,मकरानी
maksad,मक्सद,मकससद
makhdumpur,मखदुमपुर,मादूमपुर
machaaye,मचाए,मचाए
machae,मचाए,मचाई
machaye,मचाए,मचाए
machaanon,मचानों,मचानों
machanno,मचानों,मचननों
machano,मचानों,मचानों
machanon,मचानों,मचननों
madaura,मढ़ौरा,मद़ौरा
madhuara,मढ़ौरा,मधुारा
madhura,मढ़ौरा,मधुूरा
manipal,मणिपाल,मनीपाल
matpatron,मतपत्रों,मत्््रों
matthe,मत्थे,मत्थे
matsyavatar,मत्स्यावतार,मत्स्यतवतार
matsyavtar,मत्स्यावतार,मत्स्यतवत्र
masyendranath,मत्स्येंद्रनाथ,मस्सेवंंद्रह
matsyendranath,मत्स्येंद्रनाथ,मत्त्वंंत्रहाथ
madhupur,मधुपुर,मधुपुर
manmarji,मनमर्जी,मनमर्जी
manae,मनाए,मनाई
manaye,मनाए,मनाय
mnaey,मनाए,मनाए
mam,मम,मा
mum,मम,मू
maryokar,मयोर्का,माररकयारर
mayorka,मयोर्का,माोरकका
mayorkaa,मयोर्का,मयोरकका
mardaani,मरदानी,मरदानी
mardani,मरदानी,मादानी
marmar,मरमर,मा्ा
murmur,मरमर,मू्ू
maratha,मराठा,मााथा
marathi,मराठी,मााथी
marji,मर्जी,मर्जी
mardanagi,मर्दानगी,मरददननगी
mardangi,मर्दानगी,माददंंिी
mardo,मर्दों,माददों
mardon,मर्दों,माददों
maryaadaa,मर्यादा,मा्यददा
maryada,मर्यादा,मा्यददा
maryaadaaon,मर्यादाओं,मा्यादाओं
maryadaon,मर्यादाओं,मा्यददाओं
malaga,मलागा,मलागा
malaar,मलार,माार
malar,मलार,मारर
mashrak,मशरक,मश्क
masaaledaar,मसालेदार,मसालेदार
masaledaar,मसालेदार,मसालेदार
masaledar,मसालेदार,मसललेदार
masoor,मसूर,मसूर
masur,मसूर,मसूर
masse,मस्से,मसेसे
mahakane,महकने,महकाे
mahakne,महकने,महकने
mahkane,महकने,महकाे
mehkane,महकने,महकाे
mahalon,महलों,महाों
mahlon,महलों,महलों
mahagranth,महाग्रंथ,महाग्रंथ
mhagranth,महाग्रंथ,महाग्राथ
mahajan,महाजन,महजजन
mhajan,महाजन,महजजन
mahathir,महाथिर,महातिर
mhathir,महाथिर,महाथिर
mahanatam,महानतम,महानतम
mahantam,महानतम,महंंतम
mhantam,महानतम,महाततम
mahanideshak,महानिदेशक,महानेशेशक
mahanirdeshak,महानिदेशक,महानिर्राा
mhanideshak,महानिदेशक,महानेशेशक
mahapauron,महापौरों,महापोरों
mhapauron,महापौरों,महापोरों
mahapran,महाप्राण,महाप्रणण
mhapran,महाप्राण,महाप्रणण
mahamantr,महामंत्र,महामंत्र
mahamantra,महामंत्र,महामंत्र
mhamantra,महामंत्र,महामंत्र
maharaja,महाराजा,महाराजा
mahavigyan,महाविज्ञान,महाविज्ञान
mhavidyan,महाविज्ञान,महाविद्ञान
mahavidya,महाविद्या,महाविद्य
mhavidya,महाविद्या,महाविद्य
mahavishnu,महाविष्णु,महाविस्णु
mahasingh,महासिंह,महासिंह
mahasinh,महासिंह,महासींह
mahipal,महिपाल,महिपाल
mahin,महीन,महिन
mahinon,महीनों,महिनों
maang,मांग,मांग
mang,मांग,मंंग
mangani,मांगनी,मंंगनी
mangni,मांगनी,मंंगनी
maanga,मांगा,मांगा
manga,मांगा,मंंगा
maangi,मांगी,मांगी
mangi,मांगी,मंंगी
maange,मांगे,मांगे
mange,मांगे,मंंगे
mango,मांगो,मंंगों
maori,माओरी,माॅरी
maajin,माजिन,माजिन
majin,माजिन,मजजिन
mathe,माथे,मठठे
mathey,माथे,मठथे
maap,माप,माप
map,माप,माप
mop,माप,मोउ
mamooli,मामूली,मूमूली
mamuli,मामूली,मामूली
mame,मामे,मेमे
maarvaad,मारवाड़,मारवाद़
marvad,मारवाड़,मार्ाद़
marwar,मारवाड़,मार्ाऱ
maariya,मारिया,मारिया
mariya,मारिया,मररिया
maariyo,मारियो,मारियो
mario,मारियो,मैरियो
mariyo,मारियो,मररियो
martha,मार्था,मार्था
maalish,मालिश,मालिश
malish,मालिश,मालिश
mave,मावे,मावे
mavey,मावे,मावे
maas,मास,मां
mas,मास,मास
mass,मास,मास
maason,मासों,मासों
mason,मासों,मासों
mitaao,मिटाओ,मिटाओं
mitao,मिटाओ,मिटाओ
mithaai,मिठाई,मिठाई
mithai,मिठाई,मिठाई
media,मिडिया,मेडिया
mithila,मिथिला,मिथिला
mithilanchal,मिथिलांचल,मिथिलांचल
mithya,मिथ्या,मिथयया
mimicry,मिमिक्री,मामिक्री
milkiyat,मिल्कियत,मिल्कियत
misha,मिशा,मिशा
mungeri,मुंगेरी,मुंगेरी
mundva,मुंडवा,मुंडवा
mundwa,मुंडवा,मुंडवा
munshiganj,मुंशीगंज,मुंशिजंज
mukarte,मुकरते,मुकरते
mukartey,मुकरते,मुकरते
mukhopadhyaya,मुखोपाध्याय,मुखोपदध्याय
mukhyopadhyaay,मुखोपाध्याय,मुख्प्ध्याय
mukhyamantri,मुख्यमंत्री,मुख्यमंत्री
munaf,मुनाफ,मुनाफ
munafa,मुनाफा,मुपाफा
munnu,मुन्नू,मुनुनु
mufalisi,मुफलिसी,मुफलिसी
muflisi,मुफलिसी,मुफलिसी
mubarakpur,मुबारकपुर,मुबारकुुर
mubarkpur,मुबारकपुर,मुबररकपुर
murjha,मुर्झा,मूर्जा
multae,मुल्ताई,मूलतटाए
multai,मुल्ताई,मूलतटाई
mushahid,मुशाहिद,मुशहहिद
muhavare,मुहावरे,मुहावरे
muhavre,मुहावरे,मुहावरे
mooth,मूठ,मूठ
muth,मूठ,मूठ
mood,मूड,मूद़
mud,मूड,मुद़
moodi,मूडी,मूद़
moody,मूडी,मूद़
mool,मूल,मूल
mul,मूल,मूल
moolchand,मूलचंद,मूलचंद
mulchand,मूलचंद,मूलचंद
moolar,मूलर,मूलर
mular,मूलर,मूलर
muller,मूलर,मूलर
moolon,मूलों,मूलों
mulon,मूलों,मूलों
maxico,मेक्सिको,मैक्सिको
mexico,मेक्सिको,मेक्सिको
mega,मेगा,मेगा
megapixal,मेगापिक्सल,मेगपपिकलसर
megapixel,मेगापिक्सल,मेगेप्क्सल
mejbaan,मेजबान,मेजबान
mejban,मेजबान,मेजबान
mezbaan,मेजबान,मेजबान
mejabani,मेजबानी,मजजाानी
mejbaani,मेजबानी,मेजबानी
mejbani,मेजबानी,मेजबानी
mezabani,मेजबानी,मेजाानी
mejbaan,मेज़बान,मेजबबान
mejban,मेज़बान,मेजबबान
mezbaan,मेज़बान,मेजबबान
mejbaani,मेज़बानी,मेजबबानी
mejbani,मेज़बानी,मेजबमानी
mezbaani,मेज़बानी,मेजबबानी
mate,मेट,माट
met,मेट,मेट
mates,मेट्स,मैट्स
medical,मेडीकल,मेडिकल
methanol,मेथेनॉल,मेथननोल
menu,मेनू,मेनू
mem,मेम,मेम
melaghaat,मेलघाट,मेलााट
melghat,मेलघाट,मेल्टट
melaanin,मेलानिन,मेलानीन
melanin,मेलानिन,मेलननीन
melaani,मेलानी,मेलानी
melani,मेलानी,मेलननी
maheman,मेहमान,महहमेन
mehamaan,मेहमान,मेहमान
mehaman,मेहमान,मेहमान
mehmaan,मेहमान,मेहमान
mehman,मेहमान,मेहमनन
meharaam,मेहराम,मेहराम
mehram,मेहराम,मेहरमम
macbook,मैकबुक,मैकबूक
matix,मैट्रिक्स,मैटिसिक्स
matrix,मैट्रिक्स,मैट्रिक्स
mad,मैड,मदड
made,मैड,मदड
maid,मैड,मैद
maddy,मैडी,मदड्
maidi,मैडी,मैदी
main,मैन,मैन
man,मैन,मनन
men,मैन,मेन
mainan,मैनन,मैनन
menon,मैनन,मेनो
manner,मैनर,मननर
maina,मैना,मैना
maine,मैने,मैने
marrej,मैरेज,मैरेज
marriage,मैरेज,मैरिज
merraige,मैरेज,मेरेज
maisachusets,मैसाचुसेट्स,मैसोचोस्ट्स
massachusetts,मैसाचुसेट्स,मैसोचोसेट्स
maisor,मैसोर,मैसोर
maisore,मैसोर,मैसोर
mysore,मैसोर,मासोर
mod,मॉड,मोड
mode,मॉड,मोड
modern,मॉडर्न,मोडर्न
module,मॉड्यूल,मोडललूल
modules,मॉड्यूल्स,मोडलललल्स
modyuls,मॉड्यूल्स,मॉडलयलल्स
mauritious,मॉरिशस,मॉरीशो
mauritius,मॉरिशस,मॉरिटि
mogali,मोगली,मोगली
mowgli,मोगली,मोगली
motive,मोटिव,मोटिव
mol,मोल,मोल
mold,मोल्ड,मोल्ड
moshe,मोशे,मोशे
mosad,मोसाद,मोसडद
mohana,मोहाना,मोहनना
mohani,मोहानी,मोहननी
mohini,मोहिनी,मोहिनी
mohim,मोहिम,मोहिम
maukon,मौकों,मौकों
mauma,मौमा,मौमा
maurya,मौर्या,मौर्य
morya,मौर्या,मोर्य
maurya,मौर्यों,मौर्य
mauryon,मौर्यों,मौर्यों
moryon,मौर्यों,मोर्यों
maulaviyon,मौलवियों,मौलाियों
maulvidon,मौलवियों,मौलविदों
maulviyon,मौलवियों,मौलवियों
maule,मौले,मौले
mauley,मौले,मौले
mausa,मौसा,मौसा
yatn,यत्न,यतनन
yatna,यत्न,यानन
yada,यदा,याा
yda,यदा,याा
yaduvansh,यदुवंश,याुवंश
yaduwansh,यदुवंश,याुवंश
jerusalem,यरूशलेम,जूूसन्म
yarooshaleim,यरूशलेम,याूललमम
yarushalem,यरूशलेम,याुशलमम
yashpaal,यशपाल,यापाल
yashpal,यशपाल,यापाल
yaatna,यातना,यातना
yatna,यातना,यातना
yaatanaon,यातनाओं,यातााओं
yatnaon,यातनाओं,यातनाओं
yarayan,यात्राएं,यारारानं
yatraein,यात्राएं,यात्राएं
yatraen,यात्राएं,यात्राएं
yaariyan,यारियां,यारियां
yariyan,यारियां,यारियां
yaari,यारी,यारी
yari,यारी,यारी
yugam,युग्म,युगमम
yugm,युग्म,युग्म
yuddhrat,युद्धरत,युद्धात
yudhrat,युद्धरत,युध्धात
ukrainian,यूक्रेनियन,उूक्रेनियन
ukranian,यूक्रेनियन,उूक्रानियन
jerusalem,येरुशलम,जूरूसमम
yorker,यॉर्कर,यॉर्कर
yojanaein,योजनाएं,योजनाएं
yojanaen,योजनाएं,योजनाएं
yojanaye,योजनाएं,योजनाएं
rangate,रंगते,रंगते
rangte,रंगते,रंगते
rangkata,रंजकता,रंगकता
ranjkatha,रंजकता,रंजकता
ranjkta,रंजकता,रंजकता
raees,रईस,रा
rais,रईस,रेस
raktaabh,रक्ताभ,रक्तभभ
raktabh,रक्ताभ,रक्तभभ
rakhna,रखना,रखना
raghupati,रघुपति,रघुपति
raghuram,रघुराम,रघुराम
registerd,रजिस्टर्ड,रेिस्टर्ड
registered,रजिस्टर्ड,रेिस्टे्ड
ratanpur,रतनपुर,रतनपुर
runners,रनर्स,रनर्स
rayan,रयान,राान
ryan,रयान,राान
ralhan,रल्हन,राहहण
ravish,रविश,रविश
ravael,रवैल,राेल
ravel,रवैल,रेेल
rawail,रवैल,राेल
rasad,रसद,रसड
rasaayanik,रसायनिक,रसायनिक
rasaayanika,रसायनिक,रसायनिक
rasayanika,रसायनिक,रसायनिक
rasyanik,रसायनिक,रस्यनिक
rasaayanon,रसायनों,रसायोों
rasayanon,रसायनों,रसायनों
rahamat,रहमत,रहमत
rahmat,रहमत,रहमत
rhamat,रहमत,रहमत
rahenge,रहेंगे,रहेंगे
rahegi,रहेगी,रहेगी
rounder,राउंडर,राउंडर
raak,राक,राक
rak,राक,रकक
raakhe,राखे,रखखे
rakhe,राखे,रखखे
raagon,रागों,रागों
ragon,रागों,रगगों
raghavan,राघवन,रघघवा
raaj,राज,राज
raj,राज,रजज
rajkot,राजकोट,राजकोट
rajtantra,राजतंत्र,राजतंत्र
raajneetikaran,राजनीतीकरण,राजनीतिकरण
rajneetikaran,राजनीतीकरण,राजनीतिकरण
rajnitikaran,राजनीतीकरण,राजनीतिकरण
rajma,राजमां,राजमा
rajman,राजमां,राजमान
raajasva,राजस्व,राजस्व
rajasva,राजस्व,राजस्व
raaji,राजी,राजी
raji,राजी,राजी
rajinaama,राजीनामा,राजीनामा
rajinama,राजीनामा,राजीनामा
raajon,राजों,राजों
rajon,राजों,राजों
rana,राणा,रणना
raatrichar,रात्रिचर,रातृरिचा
ratrichar,रात्रिचर,रततररीचा
raadhe,राधे,राढे
radhe,राधे,राढे
ranapur,रानापुर,रणनापुर
rabin,राबिन,रबबीन
robin,राबिन,रोबीन
rabha,राभा,राभा
ramkot,रामकोट,रामकोट
ramkote,रामकोट,रामोोट
ramtek,रामटेक,रामेेक
rampur,रामपुर,रामपुर
rambharose,रामभरोसे,रामबाोसी
rambharosey,रामभरोसे,रामभा्सी
ramraj,रामराज,रामराज
raalod,रालोद,रालोड
ralaud,रालोद,रालौड
ralod,रालोद,रॉलोड
ravaley,रावले,रववले
ravle,रावले,रावल
rasayanik,रासायनिक,रससायनिक
racreation,रिक्रिएशन,रेक्रेशशन
recreation,रिक्रिएशन,रिक्रेएशन
rig,रिग,रिग
riggs,रिग्स,रिग्स
rigs,रिग्स,रिग्स
richual,रिचुअल,रिचूलल
ritual,रिचुअल,रिटूलल
reduction,रिडक्शन,रिडो्शन
ripan,रिपन,रिपा
ripon,रिपन,रिपो
ria,रिया,रिया
riya,रिया,रिया
rishte,रिश्ते,रिश्ते
rishtey,रिश्ते,रिश्ते
risane,रिसने,रिसाे
risaney,रिसने,रिसाे
risne,रिसने,रिसने
rihana,रिहाना,रिहाना
rihanna,रिहाना,रिहननन
regal,रीगल,रेगल
rigal,रीगल,रिगल
reasonal,रीजनल,रिजोल
regional,रीजनल,रेजिल
retreate,रीट्वीट,रिटररेट
retweet,रीट्वीट,रिटवविट
reeta,रीता,रीता
rita,रीता,रिता
rukate,रुकते,रुकते
rukte,रुकते,रुकते
ruktey,रुकते,रुकते
rugan,रुग्ण,रूगणण
rugna,रुग्ण,रूग्ण
ruganta,रुग्णता,रूगततता
rugnata,रुग्णता,रूग्णता
rojvelt,रुजवेल्ट,रॉजेेल्ट
roojwelt,रुजवेल्ट,रूजेेल्ट
roosevelt,रुजवेल्ट,रूज़ेल्ट
rodolph,रुडोल्फ,रोडोल्फ
rudolf,रुडोल्फ,रॉडोल्फ
rudolph,रुडोल्फ,रूडोल्फ
roopesh,रुपेश,रूपेश
rupesh,रुपेश,रुपेश
ruby,रुबी,रूबी
roomani,रुमानी,रूमानी
rumani,रुमानी,रूमानी
rukavaton,रूकावटों,रुकावटों
root,रूट,रूट
route,रूट,रोट
rooting,रूटिंग,रूटिंग
routine,रूटिंग,रोटिन
routing,रूटिंग,रोटिंग
roots,रूट्स,रूट्स
routes,रूट्स,रोटेस
roopak,रूपक,रुपक
rupak,रूपक,रुपक
roopi,रूपी,रूपी
rupi,रूपी,रूपी
rantle,रेंटल,रांटल
rental,रेंटल,रेंटल
registan,रेगिस्तान,रेजिस्टान
registani,रेगिस्तानी,रेजिस्टानी
reja,रेजा,रेजा
reza,रेजा,रेजा
rate,रेट,राट
rate,रेत,राट
ret,रेत,रेट
refaeli,रेफेली,रेफाली
refeli,रेफेली,रेफलली
reshe,रेशे,रेशे
reshey,रेशे,रेशे
race,रेस,रेस
rese,रेस,रेज
racer,रेसर,रेसर
recer,रेसर,रिसर
racing,रेसिंग,रेसिंग
reson,रेसों,रेसनं
rehaana,रेहाना,रहहाना
rehana,रेहाना,रहहनना
racketeer,रैकेटियर,राकेटीरर
racketier,रैकेटियर,राकेटियर
rectare,रैकेटियर,रिक्टरयर
radical,रैडिकल,रेडिकल
raidical,रैडिकल,रेडिकल
raith,रैथ,रैठ
rapping,रैपिंग,रपपिंग
wrapping,रैपिंग,रेप्ंग
robertsan,रॉबर्टसन,रॉबर्ट््
robertson,रॉबर्टसन,रॉबर्ट्न
robinson,रॉबिंसन,रॉबिंसन
royals,रॉयल्स,रॉयल्स
rojlin,रोजलिन,रोजलिन
rozlyn,रोजलिन,रोजलीन
rotation,रोटेशन,रोटेशन
rodrigo,रोड्रिगो,रोड्रिगो
ronaldo,रोनाल्डो,रोनाल्डों
ronit,रोनित,रोनित
roni,रोनी,रोनी
ropane,रोपने,रोपने
ropaney,रोपने,रोपने
ropne,रोपने,रोपने
robin,रोबिन,रोबिन
roya,रोया,रोया
rollers,रोलर्स,रॉलर्स
rovan,रोवन,रोवा
rowan,रोवन,रोवन
rosario,रोसारियो,रोसररियो
rosariyo,रोसारियो,रोसररियो
raubadaar,रौबदार,रौबद्र
raubadar,रौबदार,रौबद्र
raubdar,रौबदार,रौबदार
landara,लंगड़ा,लंदड़ा
langada,लंगड़ा,लंगड़ा
langda,लंगड़ा,लंगड़ा
langar,लंगर,लंगा
langaron,लंगरों,लंगाों
langron,लंगरों,लंग्ों
lambi,लंबी,लंबी
lakeer,लकीर,लकीर
lakir,लकीर,लाीर
lakiron,लकीरों,लकीरों
lakme,लक्मे,लकममे
lakshmidhar,लक्ष्मीधर,लक्ष्मीधा
lakshmighar,लक्ष्मीधर,लक्ष्मीघा
lakshy,लक्ष्य,लक्ष्य
lakshya,लक्ष्य,लक्ष्य
lakshyon,लक्ष्यों,लक्ष्यों
lux,लक्स,लु्स
laksar,लक्सर,लक्सर
luxor,लक्सर,लॉरसर
lakhkhi,लख्खी,लख्खी
lagna,लगना,लगना
laganewale,लगनेवाले,लगनेवाले
lagnevaaley,लगनेवाले,लग्ेवाले
lagnewale,लगनेवाले,लगनेवाले
lagega,लगेगा,लगेगा
lajjalu,लज्जालु,लज़जललु
latkate,लटकाते,लटकतटे
ladki,लड़की,लड़की
ladate,लड़ते,लड़ते
ladte,लड़ते,लड़ते
ladaai,लड़ाई,लड़ाई
ladai,लड़ाई,लड़ाई
ladaaiyon,लड़ाईयों,लड़ाइयों
ladaeyon,लड़ाईयों,लड़िएयों
ladaiyon,लड़ाईयों,लड़िइयों
lapetane,लपेटने,लपटटने
lapetne,लपेटने,लपटटने
labada,लबादा,लबडदा
lbada,लबादा,लब्दा
labdh,लब्ध,लब्ध
lbdh,लब्ध,लद्ध
lalak,ललक,लाक
lalkarata,ललकारता,ललकरर्ा
lalkarta,ललकारता,ललकरर्ा
lalla,लल्ला,लल्ला
lavasa,लवासा,लाासा
lovasa,लवासा,लोासा
lassi,लस्सी,ला्सी
lahanaa,लहना,लहना
lahna,लहना,लहना
lehna,लहना,लहना
lahraee,लहराई,लहराई
lahrai,लहराई,लहराई
lehrayi,लहराई,लहराय
lahalhati,लहलहाती,लहलहतती
lahlahaati,लहलहाती,लहलहाती
lahlahati,लहलहाती,लहलहाती
lahsun,लहसुन,लहसून
lasoon,लहसुन,लाूून
lanchar,लांचर,लांचा
launcher,लांचर,लौंचे
lycopene,लाइकोपिन,लायक्पनन
lime,लाइम,लाइम
lives,लाइव्स,लिइव्स
live,लाईव,लाइव
laegi,लाएगी,लाएगी
lagataar,लागातार,लगगततार
lagatar,लागातार,लगगततरर
laata,लाता,लाता
lata,लाता,लटता
laati,लाती,लाती
lati,लाती,लतती
layega,लायेगा,लायेगा
lalpur,लालपुर,लालपुर
las,लास्ट,लास
last,लास्ट,लास्त
lindbhed,लिंगभेद,लिंददेद
lingbhed,लिंगभेद,लिंगबेड
lindan,लिंडन,लिंदन
lindn,लिंडन,लिंडन
lindon,लिंडन,लिंडो
likhakar,लिखकर,लिखार
likhkar,लिखकर,लिखकर
ligar,लिगर,लिगर
liger,लिगर,लिजर
liberation,लिबरेशन,लाबर्शन
libration,लिबरेशन,लाब््शन
liberation,लिब्रेशन,लाबररेशन
libration,लिब्रेशन,लाब्रेशन
leaderon,लीडरों,लेडरों
leedaron,लीडरों,लीदाों
lidaron,लीडरों,लिडाों
liidaron,लीडरों,लिदाों
louis,लुईस,लॉई
luis,लुईस,लुई
ludhakate,लुढ़कते,लुढ़कते
ludhkate,लुढ़कते,लुढ़कते
lurhakate,लुढ़कते,लुढ़कते
lutf,लुत्फ,लुट्फ
lumding,लुमडिंग,लुमििंग
lootmaar,लूटमार,लूटमार
lootmar,लूटमार,लूटमरर
landal,लेंडल,लंंडल
lendal,लेंडल,लेंदल
lega,लेगा,लेगा
legaa,लेगा,लेगा
letakar,लेटकर,लेटार
letkar,लेटकर,लेटकर
lenevali,लेनेवाली,लेनेवाली
lenewali,लेनेवाली,लेनेवाली
label,लेबल,लेबल
labeling,लेबलिंग,लेबििंग
labelling,लेबलिंग,लेबलिंग
labelo,लेबलों,लेबलो
labelon,लेबलों,लेबलों
lebalon,लेबलों,लेबलों
lemon,लेमन,लेमो
laingadan,लैंगडन,लैंगड़
langdon,लैंगडन,लंंगडो
lengdan,लैंगडन,लेंगड़
laigikata,लैंगिकता,लैजगिकता
laingikta,लैंगिकता,लैंगिकता
lanset,लैंसेट,लैंसेट
lenset,लैंसेट,लेससेट
lairi,लैरी,लारी
lairy,लैरी,लेयी
larry,लैरी,लेरी
lace,लैस,लेस
less,लैस,लेस
locket,लॉकेट,लॉकेट
laundry,लॉन्ड्री,लॉन्ड्री
longewal,लोंगोवाल,लोंगववाल
longewala,लोंगोवाल,लोंगेवाला
longoval,लोंगोवाल,लोंगडडलल
log,लोग,लॉग
loge,लोगे,लोगे
lochdar,लोचदार,लोचदार
lodi,लोदी,लोडी
laurence,लौरेंस,लॉरेंस
laurens,लौरेंस,लॉरेंस
laurense,लौरेंस,लॉरेंस
wonder,वंडर,वंडर
vansh,वंश,वंश
vanshdhar,वंशधर,वंशधा
vanshavad,वंशवाद,वंशााद
vanshvaad,वंशवाद,वंशवाद
vanshvad,वंशवाद,वंशवाद
wanshwad,वंशवाद,वंशवाद
vajood,वजूद,वजूद
vajud,वजूद,वजूद
wajood,वजूद,वजूद
vadali,वडाली,वद़ली
vadli,वडाली,वद़ली
wadali,वडाली,वद़ली
vanita,वनिता,वाीता
vareinye,वरेण्य,वरेनीय
varenya,वरेण्य,वरेन्य
varn,वर्ण,वर्न
varna,वर्ण,वर्ण
varnit,वर्णित,वर्णीत
vartamaan,वर्तमान,वर्तमान
vartaman,वर्तमान,वर्तमान
vartmaan,वर्तमान,वर्तमान
vartman,वर्तमान,वर्तमान
varddhaman,वर्द्धमान,वर्द्धमान
vardhmaan,वर्द्धमान,वर्धमममान
vardhman,वर्द्धमान,वर्ध्ममान
verbal,वर्बल,वेबबल
varshan,वर्शन,वर्षन
vasharan,वर्शन,वश्षन
vershan,वर्शन,वर्षन
version,वर्शन,वर्जन
varsaache,वर्साचे,वर्साचे
varsaryache,वर्साचे,वर्सायाय्
vasearche,वर्साचे,वै्सेइे
valkan,वल्कन,वा्कन
valkkan,वल्कन,वाककन
velkan,वल्कन,वे्कन
vash,वश,वा
vashikaran,वशीकरण,वशीकरण
vaangchuk,वांगचुक,वांगचुक
vangchuk,वांगचुक,वंंगुुक
wangchuk,वांगचुक,वंंगुुक
want,वांट,वंंट
vije,वाइज,वियज
vise,वाइज,विईस
wise,वाइज,वाइस
vatar,वाटर,वातर
water,वाटर,वेटर
watson,वाटसन,वाट्ो
wattson,वाटसन,वाट््
vaan,वाण,वान
waan,वाण,वान
vaanon,वाणों,वानों
vanon,वाणों,वननों
wanon,वाणों,वननों
vatanukulan,वातानुकूलन,वातानुकुलन
watanukoollan,वातानुकूलन,वातानुकूलन
vaadak,वादक,वादक
vadak,वादक,वादक
vaadiyon,वादियों,वादियों
vadiyon,वादियों,वादियों
wadiyon,वादियों,वाडियों
vayana,वायना,वायना
vayna,वायना,वायना
wayna,वायना,वायना
wireless,वायरलेस,वायरलेस
wirerless,वायरलेस,वायरलेस्
warrior,वारियर्स,वेरियर
warriors,वारियर्स,वेयियर्स
valve,वाल्व,वाल्वे
wolv,वाल्व,वॉल्व
vastavik,वास्तविक,वास्तविक
vastvik,वास्तविक,वास्तविक
vaahikayen,वाहिकाएं,वाहिकाएं
vahikayen,वाहिकाएं,वाहिकाएं
wahikayan,वाहिकाएं,वाहिकायं
winter,विंटर,विंटर
vincent,विंसेंट,विंसेंट
vikalpon,विकल्पों,विकलोपों
wicket,विकेट,विकेट
vikramjeet,विक्रमजीत,विक्रमजीत
vikramjit,विक्रमजीत,विक्रमजीत
vichaarakon,विचारकों,विचारकों
vicharakon,विचारकों,विचारकों
vigyan,विज्ञान,विज्ञान
vigyaani,विज्ञानी,विज्ञानी
vigyani,विज्ञानी,विज्ञानी
vigyaanon,विज्ञानों,विज्ञानों
vigyanon,विज्ञानों,विज्ञानों
vitthal,विट्ठल,वित्ठल
viththal,विठ्ठल,विथतया
vitthal,विठ्ठल,वितततल
vitark,वितर्क,वितरकक
vidhaaein,विद्याएं,विधायाएं
vidyaayein,विद्याएं,विद्याएं
vidyaen,विद्याएं,विद्याएं
vidhaaon,विद्याओं,विधाधाओं
vidyaaon,विद्याओं,विद्याओं
vidyaon,विद्याओं,विद्याओं
vidhansabhaein,विधानसभाएं,विधानसभाएं
vidhansabhaen,विधानसभाएं,विधानसभानं
vidhivat,विधिवत,विधिवत
vidhut,विधुत,विदूत
vinasht,विनष्ट,विना्ट
vineet,विनीत,विनीत
vinit,विनीत,विनित
vipreetataa,विपरीतता,विप्ीतिा
vipritata,विपरीतता,विप्ितता
vipra,विप्रा,विप्र
vipro,विप्रो,विप्रो
wipro,विप्रो,विप्रो
vibha,विभा,विभा
vibhajak,विभाजक,विभाजक
vibhram,विभ्रम,विभररम
vibhrm,विभ्रम,विभररम
vibram,विभ्रम,विबररम
vimarsh,विमर्श,विमर्श
vimarsho,विमर्शों,विमर्शों
vimarshon,विमर्शों,विमर्शों
virajati,विराजती,विराजती
virechan,विरेचन,विरेचन
virodh,विरोध,विरोध
virodhabhasi,विरोधाभासी,विरोधामससी
virodhabhason,विरोधाभासों,विरोधासोसों
vividh,विविध,विविध
vivekahin,विवेकहीन,विवेकाीन
vivekheen,विवेकहीन,विवेखीीन
visheshan,विशेषण,विशेषण
visheshanon,विशेषणों,विशेषणों
visheshaadhikaar,विशेषाधिकार,विशेषाधिकार
visheshadhikar,विशेषाधिकार,विशेषाधिकार
vishwasaniy,विश्वसनीय,विश्वााीय
vishwasniiya,विश्वसनीय,विश्वााीय
vishwasaniyata,विश्वसनीयता,विश्वा््यता
vishwasniiyataa,विश्वसनीयता,विश्वस्ियता
vishahin,विषहीन,विशहनं
vishhin,विषहीन,विशीनन
vishanu,विष्णु,विषाणु
vishnu,विष्णु,विश्णु
vlc,वीएलसी,एीएलसी
weeks,वीक्स,विक्स
veerchand,वीरचंद,वीरचंद
virchand,वीरचंद,विरचंद
veeresh,वीरेश,वीरेश
viresh,वीरेश,विरेश
vritton,वृत्तों,वृत्तों
vruton,वृत्तों,वृतोसों
vrutton,वृत्तों,वृत्तों
venkataraman,वेंकटरमन,वेंकटरमण
venkatraman,वेंकटरमन,वेंकटरमण
ved,वेड,वेद
wade,वेड,वाड
wed,वेड,वेड
wedding,वेडिंग,वेडिंग
vediyon,वेदियों,वेदियों
vedon,वेदों,वेदों
venezuela,वेनेजुएला,वेजेजुलल
veronica,वेरोनिका,वेरोनिका
veronika,वेरोनिका,वेरोनिका
weronika,वेरोनिका,वेरोनिका
velvet,वेलवेट,वेलेेट
welwet,वेलवेट,वेलेेट
welder,वेल्डर,वेल्डर
weldor,वेल्डर,वेल्डर
welding,वेल्डिंग,वेल्डिंग
wealth,वेल्थ,वेल्थ
vellur,वेल्लूर,वेल्लूर
velur,वेल्लूर,वेलुयूर
vesh,वेश,वेश
wasting,वेस्टिंग,वास्टिंग
westing,वेस्टिंग,वेस्टिंग
wastinghouse,वेस्टिंगहाउस,वास्टोनजममइम
westinghouse,वेस्टिंगहाउस,वेट्टोनजशशइस
vaisley,वेस्ले,वैस्ली
vesle,वेस्ले,वेसलल
wesle,वेस्ले,वेसलल
vaigyaanik,वैज्ञानिक,वैज्ञानिक
vaigyanik,वैज्ञानिक,वैज्ञानिक
vegyanik,वैज्ञानिक,वेज्ञानिक
vaigyaanikta,वैज्ञानिकता,वैज्ञानिकता
vaigyanikata,वैज्ञानिकता,वैज्ञानिकता
vaigyanikta,वैज्ञानिकता,वैज्ञानिकता
vaitravati,वैत्रवती,वैतररवाी
vaitrawati,वैत्रवती,वैतररवाी
vaimanasy,वैमनस्य,वैमााीय
vaimanasya,वैमनस्य,वैमाा्या
vaimanya,वैमनस्य,वैमा््य
very,वैरी,वेरी
vaisaakh,वैशाख,वैसाक
vaishakh,वैशाख,वैशकख
vaishaakhi,वैशाखी,वैशाखी
vaishakhi,वैशाखी,वैशाखी
vaishnodevi,वैष्णोदेवी,वैश्णोदेवी
vyaktigat,व्यक्तिगत,व्यक्तितत
vyagr,व्यग्र,व्या्र
vyagra,व्यग्र,व्या्र
vyatit,व्यतीत,व्याित
vytit,व्यतीत,व्यतित
vyabhichar,व्यभिचार,व्यािचार
vyabhichari,व्यभिचार,व्यााचारीीी
vyavadhan,व्यवधान,व्यवहान
vyavdhan,व्यवधान,व्यव्ान
vyavahargat,व्यवहारगत,व्यवहार्ा
vyvhargat,व्यवहारगत,व्यवररर्त
vyaghat,व्याघात,व्याघात
vyapak,व्यापक,व्यापक
vlad,व्लाद,व्लैद
wlaad,व्लाद,वालैद
vladimir,व्लादिमीर,वालादीमीर
shanghai,शंघाई,शाघाई
shatpath,शतपथ,शत्थ
shanivar,शनिवार,शािवार
shaniwar,शनिवार,शाीवार
shabana,शबाना,शबाना
shbana,शबाना,शबनना
shabdarth,शब्दार्थ,शब्दरर्थ
shamadan,शमादान,शमादान
shmadan,शमादान,शमददान
shamitabh,शमिताभ,शमितभभ
shamil,शमिल,शमील
shmil,शमिल,श्िल
sharabon,शराबों,शराबों
shrabon,शराबों,श्ाबों
shararat,शरारत,शरारत
shrart,शरारत,श्ार्
sharmana,शर्माना,शर्मनना
shaharwasiyon,शहरवासियों,शहरवासियों
shahrvasiyon,शहरवासियों,शारवासियों
shervasiyon,शहरवासियों,शेरवासियों
shahdara,शहादरा,शहददाा
shaantikaal,शांतिकाल,शांतिकाल
shantikal,शांतिकाल,शांतिकाल
shaao,शाओ,शाओ
shao,शाओ,शाओ
shaakir,शाकिर,शाकीर
shakir,शाकिर,शककिर
shaakhaaen,शाखाएं,शाखाएं
shakhayan,शाखाएं,शखखायं
shakhayen,शाखाएं,शखखाएं
shayak,शायक,शायक
shaavakon,शावकों,शावकों
shavakon,शावकों,शावकों
shavkon,शावकों,शावकों
shaasaka,शासक,शासका
shasak,शासक,शासक
sasakon,शासकों,सससकों
shaasakon,शासकों,शासकों
shasakon,शासकों,शासकों
shipra,शिप्रा,शिप्र
shirke,शिर्के,शिरकके
sheershakon,शीर्षकों,शीर्षकों
shirshakon,शीर्षकों,शिर्षकों
shirshkon,शीर्षकों,शिर्षकों
shujaat,शुजात,शुजात
shujat,शुजात,शुजात
shooting,शुटिंग,शूटिंग
shutting,शुटिंग,शूट्ंग
should,शुड,शौल्
shud,शुड,शुद़
shubhankar,शुभंकर,शुभंकर
shumaali,शुमाली,शुमाली
shumali,शुमाली,शुमलली
shringaar,शृंगार,श्ंगार
shringar,शृंगार,श्ंगरर
shrungar,शृंगार,शृंगार
sheling,शेलिंग,शेलिंग
shelling,शेलिंग,शेलिंग
shaili,शैली,शैली
shaly,शैली,शलली
sheli,शैली,शेली
shaishav,शैशव,शैशा
sean,शॉन,सीन
shaun,शॉन,शौन
shawn,शॉन,शान
short,शोर्ट,शोर्ट
sure,श्योर,सूयूर
shrankhala,श्रंखला,श्रृखला
shrankhalaa,श्रंखला,श्रृशला
shrunkhla,श्रंखला,शृरृखला
shrankhalaaon,श्रंखलाओं,श्रृशलाओं
shrinkhalaon,श्रंखलाओं,श्रृशलाओं
shrunkhlaon,श्रंखलाओं,शृरृखलाओं
shravani,श्रावणी,श्रववणी
shrikar,श्रीकर,श्रीका
shrikhand,श्रीखंड,श्रीखंद
shrimati,श्रीमति,श्रीमति
shriram,श्रीराम,श्रीरमम
sriram,श्रीराम,श्रीरमम
shrotaon,श्रोताओं,श्रोताओं
shat,षट्,कत
sankhyaein,संख्याएं,संख्याएं
sankhyaen,संख्याएं,संख्याएं
sankhyayen,संख्याएं,संख्याएं
sanghanit,संघनित,संघाित
sanghnit,संघनित,संघनित
sanchayan,संचयन,संचान
sanchar,संचार,संचरर
sanchaari,संचारी,संचारी
sanchari,संचारी,संचारी
sanchalanon,संचालनों,संचललनों
sanchalnon,संचालनों,संचललनों
sanjay,संजय,संजय
sanjeevan,संजीवन,संजीवन
sanjivan,संजीवन,संजीवन
santati,संतति,संतती
sandarbh,संदर्भ,संदर्भ
sandarbha,संदर्भ,संदर्भ
sandrbh,संदर्भ,संद््भ
sandarbhon,संदर्भों,संदर्भों
sandrbhon,संदर्भों,संद््भों
sandali,संदली,संदली
sandli,संदली,संदली
sandhan,संधान,संधनन
samprati,संप्रति,संप्रति
samprti,संप्रति,संपृरति
samprabhu,संप्रभु,संप्रभू
samprbhu,संप्रभु,संपररभू
samprabhuta,संप्रभुता,संप्रभाता
samprbhuta,संप्रभुता,संपररभूता
sambit,संबित,संबित
sambhalane,संभालने,संभालने
sambhalne,संभालने,संभालने
sambhrant,संभ्रांत,संभररांत
sanbharnt,संभ्रांत,संभारणंत
sanyog,संयुक्त,संयोग
sanyukt,संयुक्त,सायुक्त
sanyukta,संयुक्त,सायुक्त
sanyukta,संयुक्ता,सायुक्त
sanyogvash,संयोगवश,संयोग्ा
sanyojan,संयोजन,संयोजन
sanyojanon,संयोजनों,संयोजनों
sanyojnon,संयोजनों,संयोजनों
samvedikaran,संवेदीकरण,संवेदिकरण
sanvedikaran,संवेदीकरण,संवेदीकरण
samshayon,संशयों,समशानं
sanshayon,संशयों,संशाों
sanshyon,संशयों,संशयों
sanskaar,संस्कार,संसककार
sanskar,संस्कार,संसककार
sanskaari,संस्कारी,संसककारी
sanskari,संस्कारी,संसककारी
sanskrit,संस्कृत,संस्कृत
sanskurt,संस्कृत,संस्कृत
sanskritiyan,संस्कृतियां,संस्कृतियां
sanskrutiyan,संस्कृतियां,संस्कृतियां
sanskritiyon,संस्कृतियों,संस्कृतियों
sanskrutiyon,संस्कृतियों,संस्कृतियों
sanasthit,संस्थित,संस्थित
sansthit,संस्थित,संस्थित
sanasthita,संस्थिता,संस्थाता
sansthita,संस्थिता,संस्थिता
sakara,सकरा,सकाा
sakra,सकरा,सक्ा
sakshan,सक्शन,सा्षन
suction,सक्शन,सॉ्शन
sacchidanand,सच्चिदानंद,सच्चिदानंद
sachhidanand,सच्चिदानंद,सच्चिंंंंद
sachidanand,सच्चिदानंद,सचिचिंंंंद
sajja,सज्जा,सज्जा
sat,सत,सा
satpal,सतपाल,सत्ाल
satluj,सतलुज,सतलूज
sataane,सताने,सताने
satane,सताने,सतनने
sate,सते,साे
satti,सत्ती,सत्ती
satvat,सत्वत,सत्वत
sadanand,सदानंद,सदानंद
sapane,सपने,सपने
sapne,सपने,सपने
sapney,सपने,सपने
saparivaar,सपरिवार,सपरिवार
sapariwar,सपरिवार,सपरीवार
sparivar,सपरिवार,स््िवार
sapaat,सपाट,सपात
sapat,सपाट,सपतत
sapate,सपाटे,सपतते
sapatey,सपाटे,सपतते
saptakranti,सप्तक्रांति,सप्तकररांती
saptkraanti,सप्तक्रांति,सप्तकररांती
saptapadi,सप्तपदी,सप्तपा्
saptpadi,सप्तपदी,सप्तपा्
saptari,सप्तरी,सप्तरी
sapramaan,सप्रमाण,सप्रमाण
sapraman,सप्रमाण,सप्रमाण
submit,सबमिट,सु्ित
sabmission,सबमिशन,सा्िशन
submission,सबमिशन,सब्िशन
sabhaein,सभाएं,सभाएं
sabhaen,सभाएं,सभाएं
sabhayen,सभाएं,सभायं
sabhen,सभाएं,सभेएं
sabhasadon,सभासदों,सभासदों
sabhyata,सभ्यता,सभ्यता
samjhoonga,समझूंगा,समझूजगा
samjhunga,समझूंगा,समझूंगा
samjhungaa,समझूंगा,समझूंगा
saman,समन,समा
samanvayaka,समन्वयक,सान्वयका
samanwayaka,समन्वयक,सान्वयका
samnvyak,समन्वयक,सम््वयक
samaadhaan,समाधान,समाधान
samadhan,समाधान,समाधनन
samadhiyon,समाधियों,समाधियों
samadjiyon,समाधियों,समदज्जों
samalakha,समालखा,समललखा
samalakhaa,समालखा,समललखा
samahaar,समाहार,समहहार
samahar,समाहार,समहहरर
samitiyan,समितियां,समीतियां
sametati,समेटती,समेटती
sametti,समेटती,समेट्ी
sarka,सरका,सरका
sarkaa,सरका,सरका
sarkarein,सरकारें,सरकारें
sarkaren,सरकारें,सरकारेन
sarkaaron,सरकारों,सरकारों
sarkaron,सरकारों,सरकररों
sargana,सरगना,सागना
sarganaon,सरगनाओं,सागनाओं
sargi,सरगी,सागी
sarguja,सरगुजा,सागुजा
sarjuga,सरगुजा,सा्ुर्
sarsa,सरसा,सरसा
sarsaa,सरसा,सरसा
sarahind,सरहिंद,साहींद
sarhind,सरहिंद,सरहींद
sirhind,सरहिंद,सि्िंद
saraaha,सराहा,सराह
saraha,सराहा,सरहह
saraahi,सराही,सराही
sarahi,सराही,सरहही
salaahkar,सलाहकार,सलाहकार
salahkaar,सलाहकार,सलाहकार
salahkar,सलाहकार,सलाहकरर
saleeb,सलीब,सलीब
salib,सलीब,सलीब
select,सलेक्ट,सेेक्ट
saltanat,सल्तनत,सा्टात
saltnat,सल्तनत,सा्टमत
savaal,सवाल,सवाल
saval,सवाल,सााल
sawaal,सवाल,सवाल
sawal,सवाल,सााल
sahakalaakar,सहकलाकार,सहकाककार
sahakalakar,सहकलाकार,सहकाककरर
sahkalakar,सहकलाकार,सहकाककार
sahadev,सहदेव,सहाेव
sahdev,सहदेव,सहदेव
sahrawat,सहरावत,सहरावत
sherawat,सहरावत,शेरावत
sahooliyata,सहूलियत,सहूलियता
sahuliyat,सहूलियत,सहुलियत
sahuuliyata,सहूलियत,सहुलियता
saanketika,सांकेतिक,सांकेतिका
sanketik,सांकेतिक,संंकटटिक
saimans,साइमंस,सैइमंस
simmons,साइमंस,सिइम्स
symons,साइमंस,सायमंस
saima,साइमा,सैइमा
sagarika,सागरिका,सागरिका
sagrika,सागरिका,साग्िका
saga,सागा,सगगा
saajan,साजन,साजन
sajan,साजन,सजजन
saajsajja,साजसज्जा,साजसााज
sajsajja,साजसज्जा,सजजसााज
saja,साजा,सजजा
saathsaath,साथसाथ,साठसाथ
sathsath,साथसाथ,सतठस्थ
sathiya,साथिया,सथठिया
saabah,साबाह,साबाह
sabah,साबाह,सबबाह
samanjasy,सामंजस्य,सममंज्ीय
samanjasya,सामंजस्य,सममंज््या
samoa,सामोआ,सममो
samoaa,सामोआ,सममो
saayn,सायं,सायन
sayan,सायं,सायन
saym,सायं,सैयमम
saira,सायरा,सैयरा
sayara,सायरा,सययरा
sayra,सायरा,सययरा
salve,साल्वे,साल्वे
sahab,साहब,सहहब
singapore,सिंगापुर,सिंगपपोरो
singaar,सिंगार,सिंगार
singar,सिंगार,सिंगरर
singer,सिंगार,सिंगरर
singhaadey,सिंघाड़े,सिंहडड़े
singhade,सिंघाड़े,सिंहडड़े
singhde,सिंघाड़े,सिंहडड़े
singhre,सिंघाड़े,सिंघरऱे
singhi,सिंघी,सिंही
singha,सिंहा,सिंघा
sinha,सिंहा,सिंहा
siera,सिएरा,सियरा
sierra,सिएरा,सियर्
sikud,सिकुड़,सिकूड़
signals,सिगनल्स,सिग्ा्स
cigaretton,सिगरेटों,सिगरेटनं
cigretton,सिगरेटों,सिग््टनं
siddhivat,सिद्धवट,सिद्धिि
siddhvat,सिद्धवट,सिद्धात
siddhwat,सिद्धवट,सिद्धात
sinabang,सिनाबंग,सिनाबंग
synapse,सिनेप्स,सिनाप्स
sipah,सिपाह,सिपहह
sipaha,सिपाह,सिपहहा
sipahiyon,सिपाहियों,सिपहहियों
sipahi,सिपाही,सिपहही
sim,सिम,सिम
simat,सिमट,सिमत
simatataa,सिमटता,सिमतता
simatta,सिमटता,सिमत्ा
simtata,सिमटता,सिमताा
simtataa,सिमटता,सिमतता
cement,सिमटे,सेमेें
simate,सिमटे,सिमते
simi,सिमी,सिमी
simmy,सिमी,सिम्
sims,सिम्स,सिम्स
siyasi,सियासी,सियासी
siyah,सियाह,सियाह
siyaha,सियाह,सियाहा
sirpur,सिरपुर,सिरपुर
sivan,सिवान,सिवान
siwan,सिवान,सिवान
sisva,सिसवा,सिस्ा
siswa,सिसवा,सिस्ा
cil,सीआईएल,सीललएल
csi,सीएसआई,सीससईई
sikar,सीकर,सिकर
seaten,सीटें,सीटनन
sitaram,सीताराम,सीतारमम
sitaharan,सीताहरण,सिताहरण
cpm,सीपीएम,सीपीएम
cps,सीपीएस,सीपीएस
cbse,सीबीएसई,सीबेएस
seem,सीम,सीम
sim,सीम,सिम
sealed,सील्ड,सीलेड
shield,सील्ड,शिह्ड
ccd,सीसीडी,सीडीडी
sugamata,सुगमता,सुगमता
sugmta,सुगमता,सुग्ता
sujan,सुजेन,सुजनन
sujen,सुजेन,सुजें
suken,सुजेन,सूकें
sujain,सुजैन,सुजान
sujhaati,सुझाती,सुझाती
sujhati,सुझाती,सुझाती
sutali,सुतली,सुतली
sutli,सुतली,सूतली
suta,सुता,सूता
sdueep,सुदीप,सदद्प
sudip,सुदीप,सुदीप
sudhaargrah,सुधारगृह,सुधार््ह
sudhargrih,सुधारगृह,सुधार्ृह
sudhargruh,सुधारगृह,सुधार्ृह
sunaaron,सुनारों,सुनारों
sunaron,सुनारों,सुनारों
sunaseer,सुनासीर,सुनासीर
sunasir,सुनासीर,सुनासिर
suneeti,सुनीति,सुनेती
suniti,सुनीति,सुनिति
sunega,सुनेगा,सुनेगा
suneyga,सुनेगा,सुनेगा
superhit,सुपरहिट,सुपरहीत
supachy,सुपाच्य,सुपाच्य
supachya,सुपाच्य,सुपाच्य
supachye,सुपाच्य,सुपचच्य
subhaay,सुभाय,सुभाय
subhay,सुभाय,सुभाय
surveen,सुरवीन,सूर्ीन
survin,सुरवीन,सूर्ीन
surana,सुराणा,सूराना
sulkhan,सुलखान,सुलखान
suljaayi,सुलझाई,सुलजाई
suljayi,सुलझाई,सुलजाई
suljhai,सुलझाई,सुलझाई
sulzai,सुलझाई,सुलझाई
sultana,सुलताना,सुलताना
sulaati,सुलाती,सुलाती
sulati,सुलाती,सुलतती
susanskrit,सुसंस्कृत,सुसंस्कृत
susanskrut,सुसंस्कृत,सुसंसरकृत
suhagin,सुहागिन,सुहागीन
soond,सूंड़,सूंद
sund,सूंड़,सुंद
suiyan,सूइयां,सुययान
sukhati,सूखती,सूखती
sukhti,सूखती,सूखती
sukhakar,सूखाकर,सुखककर
soochak,सूचक,सूचक
suchak,सूचक,सूचक
sooja,सूजा,सूजा
suja,सूजा,सुजा
suba,सूबा,सूबा
sube,सूबे,सूबे
sooraj,सूरज,सूरज
suraj,सूरज,सुरज
surinaam,सूरीनाम,सुरीणाम
surinama,सूरीनाम,सुरीनममा
suriname,सूरीनाम,सुरीनममे
suryadev,सूर्यदेव,सूर्यवेव
sendha,सेंधा,सेंधा
senvai,सेंवई,सेनवा
sevai,सेंवई,सेववी
sensing,सेंसिंग,सेंसिंग
sexual,सेक्सुअल,सेकुसुलल
saturday,सेटरडे,सततु्ी
seti,सेटी,सेती
seto,सेटो,सेटो
seth,सेथ,सेथ
safety,सेफ्टी,सफफ़टी
semen,सेमिन,सेमेन
semin,सेमिन,सेमिन
self,सेल्फ,सेल्फ
selfie,सेल्फी,सेल्फी
save,सेव,साव
sev,सेव,सेव
sevakon,सेवकों,सेवकों
sevkon,सेवकों,सेवकों
samuels,सैम्युल्स,सममूयूल्स
celery,सैलरी,सेलीी
salary,सैलरी,सालाी
sakar,सॉकर,सककर
socar,सॉकर,सोकर
soccer,सॉकर,सॉक््
songs,सॉन्ग्स,सों्स्स
solicitor,सॉलिसिटर,सोलीएिटर
sochane,सोचने,सोचने
sochne,सोचने,सोचने
sonu,सोनू,सोनू
soma,सोमा,सोमा
spma,सोमा,स्प्
somi,सोमी,सोमी
soy,सोय,सोय
soya,सोया,सोया
solitaire,सोलिटेयर,सोलीटायर
soharai,सोहराई,सोहराई
sohrai,सोहराई,सोहराई
sohaval,सोहावल,सोहावल
sohawal,सोहावल,सोहावल
saunpane,सौंपने,सौंपने
sonpne,सौंपने,सोंपने
scala,स्काला,स्केला
skala,स्काला,स्कलला
ski,स्की,सीकी
scootaron,स्कूटरों,स्कूटरों
scooteron,स्कूटरों,स्कूटरों
skootaron,स्कूटरों,स्कूटरों
scandinavia,स्कैंडिनेविया,स्कैंडीवीवीया
scaining,स्कैनिंग,स्केनिंग
scanning,स्कैनिंग,स्कैनिंग
squash,स्क्वाश,स्क्वाश
squash,स्क्वैश,स्क्वाश
skhalan,स्खलन,स्खलन
stain,स्टैन,स्टेन
stan,स्टैन,स्टनन
stop,स्टॉप,स्टॉप
stops,स्टॉप्स,स्टॉप्स
stone,स्टोन,स्टोन
straws,स्ट्रास,स्ट्रास
stress,स्ट्रास,स्ट्रेस
stra,स्ट्रे,स्ट्रा
stray,स्ट्रे,स्ट्रे
stre,स्ट्रे,स्ट्री
strocks,स्ट्रोक्स,स्ट्रॉक्स
strokes,स्ट्रोक्स,स्ट्रॉक्स
stan,स्तन,स्टा
stanadhari,स्तनधारी,स्तनधारी
standhaari,स्तनधारी,स्तंधारी
standhari,स्तनधारी,स्तंधारी
sthiti,स्तिथि,स्थिती
stithi,स्तिथि,स्तिथी
stuti,स्तुति,स्टुटी
sthitiyaan,स्थितियां,स्थितियां
sthitiyan,स्थितियां,स्थितियां
sthitiyon,स्थितियों,स्थितियों
sthool,स्थूल,स्थूल
sthul,स्थूल,स्थुल
sthoolta,स्थूलता,स्थूलता
sthulata,स्थूलता,स्थूलता
sneakers,स्नीकर्स,स्नीकर्स
snickers,स्नीकर्स,स्निकर्स
snikarse,स्नीकर्स,स्नीकर्स
spear,स्पीयर,स्पेरर
spell,स्पेल,स्पेल
spelar,स्पेलर,स्पेलर
speller,स्पेलर,स्पेलर
sprint,स्प्रिट,स्प्रिं
sprit,स्प्रिट,स्प्रिट
spray,स्प्रे,स्प्रा
spry,स्प्रे,स्प्री
sfoorti,स्फूर्ति,स्फूर्ती
sfurti,स्फूर्ति,स्फूर्ती
sphoorti,स्फूर्ति,स्फूर्ती
slide,स्लाइड,स्लाइड
slider,स्लाइडर,स्लाइडर
slaaidon,स्लाइडों,स्लाइडों
slidon,स्लाइडों,स्लाइडनं
sliders,स्लाइड्स,स्लाइडरसर
slides,स्लाइड्स,स्लाइड्स
slice,स्लाइस,स्लाइस
slash,स्लैश,स्लाश
swaroopon,स्वरुपों,स्वरूपों
swarupon,स्वरुपों,स्वरूपों
swa,स्वा,स्वा
swaachaalit,स्वाचालित,स्वचचालित
swachalit,स्वाचालित,स्वचचालित
swaarthparak,स्वार्थपरक,स्वार्थपाक
swarthparak,स्वार्थपरक,स्वरर्थपाक
swiftlate,स्विफ्टलेट,स्विफ्ललेट
swiftlet,स्विफ्टलेट,स्विफ्लल्ट
sweekarte,स्वीकारते,स्वीकारते
swikarte,स्वीकारते,स्वीकार्े
sweet,स्वीट,स्वीट
sweep,स्वीप,स्वीप
sweccha,स्वेच्छा,स्वेच्छा
swecha,स्वेच्छा,स्वेच्छा
swechha,स्वेच्छा,स्वेच्छा
sweta,स्वेता,स्वेटा
swap,स्वैप,स्वपप
swipe,स्वैप,स्वाप
handiya,हंडिया,हंदिया
handiyaa,हंडिया,हंदिया
hundiya,हंडिया,हुडिया
hakikat,हकीकत,हकीकत
haqeeqat,हकीकत,हकीतत
hathiya,हथिया,हथिया
hamala,हमला,हमाा
hamla,हमला,हमला
hamalavar,हमलावर,हमलावा
hamlavar,हमलावर,हमलावर
humlavar,हमलावर,हमलावर
hamaal,हमाल,हमाल
hamal,हमाल,हमाल
hercules,हरक्यूलिस,हे्ललूल्स
hardas,हरदास,हरदास
harpaal,हरपाल,हरपाल
harpal,हरपाल,हरपाल
harvansh,हरवंश,हरवंश
haraval,हरावल,हाावल
harawal,हरावल,हाावल
hurricane,हरिकेन,हर्ल्ं
harijan,हरिजन,हरिजन
hariyali,हरियाली,हरियाली
harshit,हर्षित,हर्षित
haldi,हल्दी,हल्दी
halla,हल्ला,हल्ला
hawamahal,हवामहल,हमामहा
hawalaat,हवालात,हवालतत
hawalat,हवालात,हवालतत
hasino,हसीनों,हसीनों
hasinon,हसीनों,हसीनों
haan,हां,हान
han,हां,हान
haanfte,हांफते,हांफते
hafate,हांफते,हफफटते
hanfte,हांफते,हांफते
higman,हाइमन,हिइगन
hymen,हाइमन,ह्इमे
hadauti,हाड़ौती,हादौौती
haani,हानी,हानी
hani,हानी,हानी
haarjeet,हारजीत,हार्ीत
harjeet,हारजीत,हरर्ीत
haaranaa,हारना,हारणा
harana,हारना,हररणा
harna,हारना,हरर्ा
haalchaal,हालचाल,हालचाल
haalchal,हालचाल,हालचलल
halchaal,हालचाल,हललचाल
halchal,हालचाल,हललचलल
halt,हाल्ट,हलल्ट
hault,हाल्ट,हॉल्ट
hahakar,हाहाकार,हाहककरर
hingis,हिंगिस,हिंगिस
hindan,हिंडन,हिंदन
hindon,हिंडन,हिंदो
hijada,हिजड़ा,हिजड़ा
hijda,हिजड़ा,हिजड़ा
hijbul,हिजबुल,हिजबूल
hippo,हिप्पो,हिप्पो
hippopotamus,हिप्पोपोटेमस,हिपफपोटमटमम्
himali,हिमाली,हिमाली
hilane,हिलने,हिलने
hilne,हिलने,हिलने
hisham,हिशाम,हिशमम
heeraganj,हीरागंज,हीरगगंज
hiraganj,हीरागंज,हिरगगंज
heroes,हीरोज,हीरोस
heros,हीरोज,हेरोस
hui,हुईं,हुई
huin,हुईं,ह्ईन
hooper,हूपर,हूपर
huppar,हूपर,हुपर
hupper,हूपर,हापर
hegde,हेगडे,हेडेे
hemvati,हेमवती,हेमतती
hemwati,हेमवती,हेमतती
help,हेल्प,हेल्प
helper,हेल्पर,हेलपपर
haito,हैतो,हैटो
hairam,हैरम,हैरा
harem,हैरम,हेरम
herald,हैराल्ड,हेरलल्ड
haive,हैव,हैवे
have,हैव,हेव
hong,हॉन्ग,हों्ग
half,हॉफ,हाफ
hoaf,हॉफ,होफ
hounga,होऊंगा,हौंगगा
holding,होल्डिंग,हॉल्डिंग
hoshangabaad,होशंगाबाद,होशनगाबाद
hoshangabad,होशंगाबाद,होशनगाबाद
hostes,होस्टेस,होस्टेस
hostess,होस्टेस,होस्सेस
