latin,predicted,gold
ank,एंक,अंक
anka,अंका,अंक
ankit,एंक्टिट,अंकित
anakon,अनकों,अंकों
ankhon,आंखों,अंकों
ankon,ंकोण,अंकों
angkor,अंगोर,अंकोर
ankor,एनकोर,अंकोर
angaarak,अंगारक,अंगारक
angarak,अंगारक,अंगारक
angraji,अंग्रजी,अंग्रज़ी
angreji,अंग्रेजी,अंग्रज़ी
angrzi,अंग्रजी,अंग्रज़ी
antah,अंताह,अंतः
antaha,अंताहा,अंतः
antarmukh,अंतरमुख,अंतर्मुख
antmurkh,अंतरूख,अंतर्मुख
antrmukh,अंतर्मुख,अंतर्मुख
andrabee,अंद्रबी,अंद्राबी
andrabi,अंद्रबी,अंद्राबी
andha,अंधा,अंधा
andhapan,अंधपन,अंधापन
andheri,आंधेरी,अंधेरी
ambaani,अंबानी,अंबानी
ambani,अंबानी,अंबानी
akram,अक्रम,अकरम
acapulco,अकापुल्को,अकापुल्को
akapulko,अकापुलको,अकापुल्को
akhand,अखंड,अखंड
akhil,अखिल,अखिल
agavai,अगवाई,अगवाई
agvaai,अगवाई,अगवाई
augustine,ऑगस्टीन,अगस्टाइन
augustustine,एजस्सस्टिन,अगस्टाइन
agsta,अग्सता,अगस्ता
agusta,अगुस्ता,अगस्ता
augusta,अगुस्ता,अगस्ता
agr,एग्र,अग्र
agra,अगरा,अग्र
achambha,अचंभा,अचंभा
achanbha,अचंभा,अचंभा
achievement,आक्विवमेंट,अचीवमेंट
achivement,एक्विवमेंट,अचीवमेंट
acchi,अच्छी,अच्छी
achchi,अच्छी,अच्छी
achhi,अछी,अच्छी
achyut,अछतु,अच्युत
achhanera,आच्छनेरा,अछनेरा
achnera,अचनेरा,अछनेरा
ajmeedh,अजमीध,अजमीढ़
ajhar,आझार,अजहर
azhar,आझार,अजहर
ajit,अजीत,अजित
agnat,अज्ञत,अज्ञात
agyaat,अज्ञात,अज्ञात
agyat,अज्ञात,अज्ञात
atakta,अटकता,अटकता
atkata,आटकता,अटकता
atake,अटेक,अटके
atke,एटके,अटके
atwaal,अत्वाल,अटवाल
atwal,एटवल,अटवाल
attahasa,अट्टाहस,अट्टहास
atthaas,अट्ठास,अट्टहास
atthas,अट्ठास,अट्टहास
addon,आड्दों,अड्डों
athak,अथक,अथक
atharv,अथर्व,अथर्व
atharva,अठर्व,अथर्व
adad,अदाद,अदद
adaani,अदानी,अदाणी
adani,अदानी,अदाणी
advait,एडवाइट,अद्वैत
adwait,एडवेट,अद्वैत
advaitvaad,आद्वैत्वाद,अद्वैतवाद
advaitwad,आद्वैत्वाद,अद्वैतवाद
adhivas,अधिवस,अधिवास
adhiwas,अधिवस,अधिवास
advivas,अद्विवास,अधिवास
adhiik,आधिक,अधीक
adhik,अधिक,अधीक
adhyayanarat,अध्ययनारत,अध्ययनरत
adhyayanrat,अध्ययनरत,अध्ययनरत
adhyaynrat,अध्ययन्रत,अध्ययनरत
anant,अनांत,अनंत
ananti,अनांति,अनंती
angadh,अंगध,अनगढ़
angarh,अनगढ़,अनगढ़
anchahe,अंचाहे,अनचाहे
anthak,अंथक,अनथक
unthak,अंठक,अनथक
anhoni,अन्होणी,अनहोनी
anaavashyak,अनावश्यक,अनावश्यक
anavashyak,आनावश्यक,अनावश्यक
anavshyak,आनावश्यक,अनावश्यक
anawashyak,आनवाश्यक,अनावश्यक
anik,एनिक,अनिक
anishwarvadi,अनिश्वरवादी,अनीश्वरवादी
anishwarwadi,अनिश्वरवादी,अनीश्वरवादी
anukoltha,अनुकोलता,अनुकूलता
anukulata,अनुकूलता,अनुकूलता
anukulta,अनुकुलता,अनुकूलता
anuchit,अनुचित,अनुचित
anuprayogi,अनुप्रयोगी,अनुप्रयोगों
anuprayogon,अनुप्रयोगों,अनुप्रयोगों
anupryogon,अनुप्रयोगों,अनुप्रयोगों
anureet,अनुरीत,अनुरीत
anurit,अनुरित,अनुरीत
anuthi,अनुठि,अनूठी
anudit,अनुदित,अनूदित
anyaay,अन्याय,अन्याय
anyay,अन्याय,अन्याय
anyaya,अन्याया,अन्याय
apnani,अपनानी,अपनानी
aparivartanshali,अपरिवर्तनशाली,अपरिवर्तनशील
aparivartansheel,अपरिवर्तनशील,अपरिवर्तनशील
aparivartanshil,अपरिवर्तनशीली,अपरिवर्तनशील
apariharya,अपरिहार्य,अपरिहार्य
aprihary,अप्रिहार्य,अपरिहार्य
apriyary,अप्रियरी,अपरिहार्य
apavartit,अपावर्तित,अपवर्तित
apvartit,अपवर्तित,अपवर्तित
apvtrit,अप्वत्रित,अपवर्तित
apaardarshi,अपारदर्शी,अपारदर्शी
apardarshi,अपरदर्शी,अपारदर्शी
afroj,अफ्रोज,अफरोज
afroz,अफ्रोज,अफरोज
africa,अफ्रिका,अफ्रीका
abbaasi,अब्बासी,अब्बासी
abbasi,आब्बासी,अब्बासी
abhimat,अभिमट,अभिमत
abhishap,अभिशप,अभिशाप
abhi,अभि,अभी
amjhera,अमझेरा,अमझेरा
amzera,अमजेरा,अमझेरा
amargad,अमारगढ़,अमरगढ़
amargarh,अमरगढ़,अमरगढ़
amarpaal,अमरपाल,अमरपाल
amarpal,अमरपाल,अमरपाल
amarohi,अमरोही,अमरोही
amrohi,अमरोही,अमरोही
amaanat,अमानत,अमानत
amanat,अमानत,अमानत
amanth,अमांत,अमानत
amaanati,अमानती,अमानती
amanathi,अमानाथी,अमानती
amanati,अमानती,अमानती
amavasya,अमावस्य,अमावस्या
amavsya,अमावस्या,अमावस्या
amit,एमिट,अमित
amitao,अमिटाओ,अमिताव
amitav,अमितव,अमिताव
amuk,अमुक,अमुक
amogh,अमोघ,अमोघ
ambani,अंबानी,अम्बानी
ayodhyaanaath,अयोध्यनाथ,अयोध्यानाथ
ayodhyanaath,अयोध्यनाथ,अयोध्यानाथ
ayodhyanath,अयोध्यनाथ,अयोध्यानाथ
ayodhyeanath,अयोध्यनाथ,अयोध्यानाथ
aradas,आरदास,अरदास
ardaas,अरदास,अरदास
ardas,अरदास,अरदास
arabab,अरबब,अरबाब
arbab,अरबब,अरबाब
around,आराउंड,अराउंड
arjent,आर्जेंट,अर्जेंट
urgent,यरजेंट,अर्जेंट
arth,आर्थ,अर्थ
artha,अर्थ,अर्थ
earth,इर्थ,अर्थ
earthquake,यथठक,अर्थक्वेक
arthon,आर्थों,अर्थों
arpit,अर्पित,अर्पित
aryama,आर्यमा,अर्यमा
aryma,आर्यमा,अर्यमा
arymaa,आर्यमा,अर्यमा
alankaar,अलंकार,अलंकार
alankar,अलंकर,अलंकार
alnkaar,अलंकार,अलंकार
alankaaron,अलंकारों,अलंकारों
alankaron,अलंकारों,अलंकारों
alnkaaron,अलंकारों,अलंकारों
alnkaron,अलंकारों,अलंकारों
alagavavadi,अलगवावादी,अलगाववादी
algavvadi,अलगाववादी,अलगाववादी
algavwaadi,अलगववादी,अलगाववादी
alive,एलिव,अलाइव
alance,एलांस,अलायंस
alayans,अलयंस,अलायंस
aliance,एलायंस,अलायंस
alind,एलिंड,अलिंद
alai,अलाई,अली
ali,एली,अली
alii,एली,अली
alonso,एलंसो,अलोंसो
aloso,एलोसो,अलोंसो
alphabet,अल्फबेट,अल्फ़ाबेट
alba,अल्बा,अल्बा
avantipur,अवंतीपुर,अवंतिपुर
awantipora,अवांतीपोरा,अवंतिपुर
avaru,अवारू,अवरु
avru,अवरू,अवरु
awaru,अवारू,अवरु
avarodhak,अवरोधक,अवरोधक
avrodhak,अवरोधक,अवरोधक
avrodhk,अवरोधक,अवरोधक
avarnata,अवर्णता,अवर्णता
avarnataa,अवर्णता,अवर्णता
avranta,अवरांता,अवर्णता
avashist,अवशिष्ट,अवशिष्ट
avshisht,अवशिष्ट,अवशिष्ट
awashist,अवशिष्ट,अवशिष्ट
avasthaayen,अवस्थाएं,अवस्थाएं
avsthaen,अवस्थाएं,अवस्थाएं
avsthayen,अवस्थाएं,अवस्थाएं
awasthaen,अवस्थाएं,अवस्थाएं
avi,एवी,अवि
avika,अविका,अविका
aviral,एविरल,अविरल
avirl,एवर्ल,अविरल
avishvaasniy,अविश्वासीनीय,अविश्वसनीय
avishvasniy,अविश्वासीनीय,अविश्वसनीय
avishvasniya,अविश्वासीनिया,अविश्वसनीय
avisvasniya,अविस्वासीनिया,अविश्वसनीय
aviva,अविव,अवीवा
avaigyanic,अवैज्ञानिक,अवैज्ञानिक
avaigyanik,अवैज्ञानिक,अवैज्ञानिक
avegyanik,एवैज्ञानिक,अवैज्ञानिक
ashaktataa,अशक्तता,अशक्तता
ashktta,अषक्तता,अशक्तता
asharaphi,आशाराफी,अशरफी
ashrafi,आश्रफी,अशरफी
ashariri,आशारीरी,अशरीरी
ashriri,आश्रीरी,अशरीरी
ashrvatath,आश्रवत्थ,अश्वत्थ
ashvtth,अश्वत्थ,अश्वत्थ
asamaany,असमान्य,असमान्य
asamany,असामान्य,असमान्य
asmanye,असमान्य,असमान्य
asaamnjsy,असंगज्य,असामंजस्य
asamanjasy,असमंजस्य,असामंजस्य
asamanjasya,असमंजस्य,असामंजस्य
asurakshit,असुरक्षित,असुरक्षित
asurkshit,असुरक्षित,असुरक्षित
aset,एसेट,असेट
asset,एसेट,असेट
asvabhavik,अस्वाभाविक,अस्वभाविक
aswabhavik,अस्वाभाविक,अस्वभाविक
aswbhavik,अस्वभाविक,अस्वभाविक
ahirauli,अहिरौली,अहिरौली
item,आइटम,आइटम
items,आइटिम्स,आइटम्स
idle,आईडल,आइडल
idol,आइडल,आइडल
icc,आईसीसी,आइसीसी
iso,आईएसओ,आइसो
ipc,आईपीसी,आईपीसी
ipad,आईपाद,आईपैड
iris,आयरिस,आईरिस
ounce,आउंस,आउंस
aakaash,आकाश,आकाश
aakash,आकाश,आकाश
aake,आके,आके
aakhet,आखेत,आखेट
akhet,अखेत,आखेट
aagat,आगत,आगत
aagaman,आगमन,आगमन
aagman,आगमन,आगमन
aagaa,आगा,आग़ा
aagah,आगाह,आग़ा
agha,आगा,आग़ा
aagaashe,आगाशे,आगाशे
aagashe,आगाश,आगाशे
agashe,अगशे,आगाशे
aajmaanaa,आजमाना,आजमाना
aajmana,आजमाना,आजमाना
aazmaanaa,आजमाना,आजमाना
aata,आता,आटा
ata,अता,आटा
atta,अटाटा,आटा
aatmayen,आत्मयें,आत्माएं
atmaen,आत्माएं,आत्माएं
aadaan,आदान,आदान
aadan,आड़न,आदान
aadhaarit,आधारित,आधारित
aadharit,आधारित,आधारित
adharit,आधारित,आधारित
aadheen,आधीन,आधीन
aadhin,आधीन,आधीन
aadhunik,आधुनिक,आधुनिक
aanad,आनाद,आनद
aanand,आनंद,आनद
anand,आनंद,आनद
aapka,आपका,आपका
aapkaa,आपका,आपका
aapadaaaen,आपदाएं,आपदाएं
aapdaein,आपदाएं,आपदाएं
aapdayein,आपदाएं,आपदाएं
aabantit,आबंतित,आबंटित
abantit,अबैंतित,आबंटित
aabru,आबरू,आबरू
abaru,अबारू,आबरू
aamdan,आमदान,आमदन
amadan,अमदान,आमदन
aamdani,आमदानी,आमदनी
amadani,अमदानी,आमदनी
aamdi,आमदी,आमदी
amdi,अमदी,आमदी
aamod,आमोद,आमोद
amod,अमोद,आमोद
aayenge,आयेंगे,आयेंगे
aayojak,आयोजक,आयोजक
ro,रो,आरओ
rp,आरपी,आरपी
aaraam,आराम,आराम
aaram,आराम,आराम
aram,आराम,आराम
aarushi,आरुषि,आरुषि
arushi,अरुशी,आरुषि
artery,आर्टरी,आर्टरी
order,आर्डर,आर्डर
aary,आर्य,आर्य
aarya,आर्या,आर्य
arya,आर्या,आर्य
aaryika,आर्यिका,आर्यिका
aryika,आरिका,आर्यिका
aarya,आर्या,आर्यो
arya,आर्या,आर्यो
aryo,आर्यो,आर्यो
aaryan,आर्यान,आर्यों
arya,आर्या,आर्यों
aryon,आरियों,आर्यों
aalsi,आलसी,आलसी
alasi,अलासी,आलसी
aalochak,आलोचक,आलोचक
alochak,आलोचक,आलोचक
aalochakon,आलोचकों,आलोचकों
alochakon,आलोचकों,आलोचकों
aalha,आला,आल्हा
aalhaa,आला,आल्हा
alha,अल्हा,आल्हा
allah,अल्लाह,आल्हा
aawaazen,आवाजें,आवाज़ें
aawajen,आवाजें,आवाज़ें
awaazen,आवाजें,आवाज़ें
awazen,आवाजें,आवाज़ें
aawajon,आवाजों,आवाज़ों
aawazon,आवाजों,आवाज़ों
awaazon,आवाजों,आवाज़ों
awazon,आवाजों,आवाज़ों
aavishakaar,आविषाकार,आविष्कार
aavishkaar,आविष्कार,आविष्कार
avishkar,अविष्कार,आविष्कार
aavriti,आवृति,आवृत्ति
aavritti,आवृत्ति,आवृत्ति
avuti,आवूती,आवृत्ति
aavritiyon,आवृतियों,आवृत्तियों
aavrittiyon,आवृत्तियों,आवृत्तियों
avrutiyon,आवृतियों,आवृत्तियों
aashanka,आशंका,आशंका
ashanka,अशंका,आशंका
aashriton,आश्रीतों,आश्रितों
ashriton,आश्रीतों,आश्रितों
aasaan,आसान,आसान
aasan,आसन,आसान
asan,असन,आसान
aastik,आस्तिक,आस्तिक
astik,आस्तिक,आस्तिक
aasteen,आस्तीन,आस्तीन
aastin,आस्तिन,आस्तीन
astin,अस्तिन,आस्तीन
aahnaan,आहनान,आह्नान
aahnan,आहनान,आह्नान
ahyan,आह्वान,आह्नान
england,इंग्लैंड,इंग्लैंड
engineer,इंजीनियर,इंजिनियर
introduction,इंट्रोडक्शन,इंट्रोडक्शन
insurance,इन्सूरेंस,इंश्योरेंस
ear,इयर,इअर
eyer,आयर,इअर
eon,इयोन,इआन
iaan,इन,इआन
ekattha,इक्ट्ठा,इकट्ठा
ikattha,इकट्ठा,इकट्ठा
ekatthi,इक्ट्ठी,इकठ्ठी
ekthi,एकठी,इकठ्ठी
ikatthi,इकठ्ठी,इकठ्ठी
ekaee,इकाई,इकाई
ikai,ईकाई,इकाई
ekaeyon,इकाइयों,इकाईयों
ikaiyon,इकाइयों,इकाईयों
ikarion,आइकारियन,इकाईयों
economic,इकोनॉमिक,इकोनोमिक
ecuador,एक्यूडोर,इक्वाडोर
equador,एक्वायोर,इक्वाडोर
equities,एक्यिटीज,इक्विटीज
ikvitija,इक्वितीजा,इक्विटीज
ijaajat,इजाज़त,इजाजत
ijajat,इजाज़त,इजाजत
inhalation,इन्हलेशन,इनहेलेशन
inhaletion,इन्हलेशन,इनहेलेशन
ibija,इबीजा,इबीजा
ibiza,इबीजा,इबीजा
imaging,इमैजिंग,इमेजिंग
immune,इम्यून,इम्युन
elaichi,इलाइची,इलाइची
ilaichi,इलाइची,इलाइची
ilayachi,इलायाची,इलाइची
ilayichi,इलाइची,इलाइची
elaaj,इलाज,इलाज
ilaaj,इलाज,इलाज
ilaj,इलाज,इलाज
ishaak,इसहाक,इशाक
ishaaq,इसहाक,इशाक
ishak,इसहाक,इशाक
ishaara,इशारा,इशारा
ishaaraa,इशारा,इशारा
ishara,ईशारा,इशारा
ishita,इशीता,इशिता
isht,ईष्ट,इष्ट
isteefe,इस्तीफे,इस्तीफे
istife,इस्टाइफ,इस्तीफे
ea,इए,ईए
ia,आईए,ईए
eater,ईटर,ईटर
iter,आइटर,ईटर
email,एमाइल,ईमेल
emailon,इमाइलों,ईमेलों
emelon,इमेलो,ईमेलों
evening,एवनिंग,ईवनिंग
east,ईस्ट,ईष्ट
ishat,इस्थात,ईष्ट
isht,ईष्ट,ईष्ट
isaaiyon,ईसाईयों,ईसाइयों
isaiyon,ईसाईयों,ईसाइयों
isayiyon,ईसाईयों,ईसाइयों
ikhrul,इखरूल,उखरुल
ukhrool,उखरूल,उखरुल
ukhrul,उखरूल,उखरुल
uchhalane,उछलने,उछालने
uchhalne,उछलने,उछालने
ujback,उज्बैक,उज़्बेक
uzbek,उज़्बेक,उज़्बेक
uthane,उठाने,उठने
uthne,उठने,उठने
uthaakar,उठाकर,उठाकर
uthakar,उठाकर,उठाकर
uthaapatak,उठापतक,उठापटक
uthapatak,उठापतक,उठापटक
uthen,उठाएं,उठें
udaan,उदान,उड़ान
udan,उड़न,उड़ान
udaanaa,उड़ाना,उड़ाना
udana,उड़ना,उड़ाना
udaane,उड़ने,उड़ाने
udane,उड़ने,उड़ाने
udaanen,उदानें,उड़ानें
udanen,उदानें,उड़ानें
udaanon,उदानों,उड़ानों
udanon,उदानों,उड़ानों
utane,उतने,उतने
utaney,उतने,उतने
utne,उतने,उतने
uttara,उत्तरा,उत्तरा
uttra,उत्तरा,उत्तरा
utpan,उत्पन,उत्पन
udant,उदंत,उदंत
udghosh,उद्घोष,उदघोष
udar,उदार,उदर
uda,उड़ा,उदा
udaa,उड़ा,उदा
udakishuganj,उदाकिशुगंज,उदाकिशुनगंज
udakishunganj,उदाकीशुंज,उदाकिशुनगंज
unatees,उनातीस,उनतीस
untees,अनतीस,उनतीस
uniyal,उनियाल,उनियाल
upadraviyon,उपद्रवियों,उपद्रवियों
updravion,अपद्रवियों,उपद्रवियों
updraviyon,उपद्रवियों,उपद्रवियों
upadravi,उपाद्रवी,उपद्रवी
updravi,उपद्रवी,उपद्रवी
upadrawon,उपाद्रवों,उपद्रवों
updravon,उपद्रवों,उपद्रवों
upneta,उपनेता,उपनेता
upabhokta,उपभोक्त,उपभोक्ता
upbhokta,उपभोक्त,उपभोक्ता
uplaksh,उपलक्ष,उपलक्ष्य
uplakshay,उपलक्षय,उपलक्ष्य
uplakshya,उपलक्ष्य,उपलक्ष्य
uplabdh,उपलाब्ध,उपलब्ध
uplabdhiyon,उपलाब्धियों,उपलब्धियों
uplabdhi,उपलब्धी,उपलब्धी
upakhyaanon,उपख्यानों,उपाख्यानों
upakhyanon,उपख्यानों,उपाख्यानों
ubuntu,ऊबंतू,उबंटू
ubaal,उबाल,उबाल
ubal,उबल,उबाल
ubhaara,उभारा,उभारा
ubhara,उभरा,उभारा
umanath,उमानाथ,उमानाथ
umesh,उमेश,उमेश
urf,यूरएफ,उर्फ
urfa,उर्फा,उर्फ
urff,अरफ,उर्फ
urvarakon,उर्वरकों,उर्वरकों
urvarkon,उर्वरकों,उर्वरकों
urwarakon,उर्वरकों,उर्वरकों
urvarata,उर्वरता,उर्वरता
urvarta,उर्वरता,उर्वरता
urwarta,उर्वरता,उर्वरता
ulate,उलते,उलटे
ulte,अल्टे,उलटे
ulahana,उलाहना,उलाहना
ulahna,उलाहना,उलाहना
ulema,उल्में,उलेमा
ulemaon,उल्मेमाओं,उलेमाओं
usak,उसक,उसक
usaki,उसकी,उसकी
uski,उसकी,उसकी
usmein,उस्में,उसमें
usmen,उस्में,उसमें
usi,उसी,उसी
ustara,उस्तरा,उस्तरा
udharv,उधर्व,ऊर्ध्व
udhrva,उधरवा,ऊर्ध्व
urdhav,उर्धव,ऊर्ध्व
ushma,उष्मा,ऊष्मा
rishicool,ऋषिकूल,ऋषिकुल
rishikul,ऋषिकुल,ऋषिकुल
rushikul,ऋषिकुल,ऋषिकुल
enzyme,एनजीम,एंजाइम
anton,एंटन,एंटोन
entone,ईंटोन,एंटोन
antoni,अंटोनी,एंटोनी
antony,एंटोनी,एंटोनी
endometrial,एंडोमेट्रियल,एंडोमेट्रियल
andreas,एंड्रीज,एंड्रियास
als,एल्स,एएलएस
asi,आसी,एएसआई
eksaath,एकसाथ,एकसाथ
eksath,एकस्थ,एकसाथ
ekaki,एकाकी,एकाकी
xm,एक्सएम,एक्सएम
egmor,एग्मोर,एगमोर
egmore,एग्मोर,एगमोर
aj,अज,एजे
agende,एजेंडे,एजेंडे
adp,एडीपी,एडीपी
adain,अदाइं,एडेन
aden,अड़ें,एडेन
edan,ईडन,एडेन
addi,अद्दी,एड्डी
eddi,एड्डी,एड्डी
eddie,एडी,एड्डी
eddy,एडी,एड्डी
apj,अपज,एपीजे
ftii,फ्टी,एफटीआईआई
abbott,अब्बोट,एबट
abut,आबूत,एबट
ebt,ईब्ट,एबट
abvp,एबवीपी,एबीवीपी
abbot,अब्बोट,एबोट
abbott,अब्बोट,एबोट
mta,मटा,एमटीए
mtake,मटेक,एमटेक
mtec,मटेक,एमटेक
mtech,मटेक,एमटेक
emerald,इमरल्ड,एमरल्ड
emrald,इमराल्ड,एमरल्ड
emil,एमिल,एमिल
emile,एमिल,एमिल
emily,एमिली,एमिल
amy,अम्य,एमी
emi,एमी,एमी
airway,एयरवे,एयरवे
eyarave,एयरवे,एयरवे
eyarve,एयरवे,एयरवे
error,इरोड़,एरर
arica,एरिका,एरिका
erica,एरिका,एरिका
erika,एरिका,एरिका
aerobic,एयोडिक,एरोबिक
aerobics,एयोबिक्स,एरोबिक
lte,लटे,एलटीई
lti,एलटीआई,एलटीई
allergic,एलर्जिक,एलर्जिक
eliminator,एलिमिनेटर,एलिमिनेटर
aliens,एलियंस,एलियंस
alliance,एलायंस,एलियंस
asian,एशियान,एशियन
sfc,एसएफसी,एसएफसी
sk,एस्क,एसके
spf,एसपीएफ,एसपीएफ
association,एसोसिएशन,एसोसिएशन
astar,आस्तार,एस्टर
aster,आस्टर,एस्टर
ester,ईस्टर,एस्टर
aesthetics,एस्थेटिक्सिक्स,एस्थेटिक
asthetic,आस्थेतिक,एस्थेटिक
asfalt,असफल्ट,एस्फाल्ट
asphalt,अस्फाल्ट,एस्फाल्ट
asphault,अस्फाउल्ट,एस्फाल्ट
ahsaas,अहसास,एहसास
ehsaas,एहसास,एहसास
ehsas,एहसास,एहसास
aisa,ऐसा,एेसा
eesa,ईसा,एेसा
ainth,ऐंठ,ऐंठ
end,ऐंड,ऐंठ
enth,ऐंठ,ऐंठ
ainthey,ऐंठे,ऐंठे
enthe,ऐंठे,ऐंठे
aithan,ऐंठन,ऐठन
ethan,ईठान,ऐठन
ethhan,ऐंठन,ऐठन
ail,एल,ऐल
el,एल,ऐल
alaps,अलाप्स,ऐल्प्स
alps,आल्प्स,ऐल्प्स
aise,ऐसे,ऐसे
oxide,ऑक्साइड,ऑक्साइड
oxy,ऑक्सी,ऑक्सी
offers,ऑफर्स,ऑफर्स
offshor,ऑफिश्योर,ऑफशोर
offshore,ऑफिशोर,ऑफशोर
official,ऑफिशियल,ऑफिशियल
okalahoma,ओकलहोमा,ओकलाहोमा
oklahoma,ऑक्लाहोमा,ओकलाहोमा
oklahoma,ऑक्लाहोमा,ओक्लाहोमा
ot,ओटी,ओत
opel,ओपल,ओपेल
obrayan,ओबरायन,ओब्रायन
obrien,ओब्रियन,ओब्रायन
oran,ओरान,ओरण
orian,ओरियन,ओरियन
orion,ओरियन,ओरियन
olavrishti,ओल्वृष्टि,ओलावृष्टि
ovum,ओवम,ओवम
owem,ऑवेम,ओवम
oceanic,ऑसिनिक,ओशनिक
osaka,ओसका,ओसाका
auchity,ऑक्टिटी,औचित्य
auchitya,ऑचित्य,औचित्य
audhyogikaran,औद्योगीकरण,औद्योगिकरण
audyogikarana,औद्योगीकरण,औद्योगिकरण
audyogikikaran,औद्योगिकारण,औद्योगिकरण
aurangabad,औरंगाबाद,औरंगाबाद
aurora,औरोड़ा,औरोरा
aulakh,औलख,औलख
kankad,कंकड़,कंकड़
kankar,कंकर,कंकड़
kankad,कंकड़,कंकर
kankar,कंकर,कंकर
kangan,कांगण,कंगन
conjunction,कंजेंक्शन,कंजंक्शन
contemporary,कंटेपोरी,कंटेम्पररी
kanthahar,कंठहर,कंठहार
kanthhar,कंठहर,कंठहार
composer,कंपोसर,कंपोजर
kambalon,कांबलों,कंबलों
kanblon,कंबलों,कंबलों
consultant,कंसल्टेंट,कंसलटेंट
kakkad,कक्कड़,कक्कड़
kakkar,काक्कर,कक्कड़
kacche,कच्चे,कच्चे
kachche,कच्चे,कच्चे
karta,करता,कटरा
katra,कतरा,कटरा
cutlery,कटलेरी,कटलरी
katlari,कत्लारी,कटलरी
katlary,कत्लरी,कटलरी
katasaraj,कटसराज,कटासराज
kathfodave,कथफोड़वे,कठफोड़वे
kathfodve,कठहलड़,कठफोड़वे
kathor,कठोर,कठोर
kathore,कठोर,कठोर
kanika,कानिका,कणिका
kathai,कथाई,कत्थई
katthai,कट्ठाई,कत्थई
katthaii,कट्ठाई,कत्थई
convention,कन्वेशन,कनवेंशन
canals,कैनल्स,कनाल
kanaal,कणाल,कनाल
kanal,कानल,कनाल
kanindham,कनिंधम,कनिंघम
kaningham,कनिंघम,कनिंघम
kanishthika,कनीष्ठिका,कनिष्ठिका
kanishthikaa,कनिष्ठिका,कनिष्ठिका
kanishtika,कनिष्टिका,कनिष्ठिका
kanyaayen,कन्याएं,कन्याएं
kanyaein,कन्याएं,कन्याएं
kanyayen,कन्याएं,कन्याएं
convention,कन्वेशन,कन्वेंशन
convocation,कंवोकेशन,कन्वोकेशन
cup,कप,कप
kap,काप,कप
kapda,कपड़ा,कपड़ा
kpada,कपड़ा,कपड़ा
kapdo,कपड़ो,कपड़ो
kapdon,कपड़ों,कपड़ो
kaping,कापिंग,कपिंग
kping,क्पिंग,कपिंग
kapolkalpana,कपोलकल्पना,कपोलकल्पना
kabaddi,कबादड़ी,कबड्डी
kabr,काबर,कब्र
kabra,काबरा,कब्र
kabren,कबरें,कब्रें
kabron,कबरों,कब्रों
kamjor,कमजोर,कमज़ोर
kamzor,कामजोर,कमज़ोर
kamatar,कामतर,कमतर
kamtar,कामतार,कमतर
kalamjeet,कलमजीत,कमलजीत
kamaljeet,कमलजीत,कमलजीत
kamaauu,कमाऊ,कमाऊ
kamau,कमाऊ,कमाऊ
kamaate,कमाते,कमाते
kamate,कमते,कमाते
kamere,कमेरे,कमेरे
kmere,कमेरे,कमेरे
karanj,करंज,करंज
kranj,क्रांज,करंज
karanjiya,करांजीय,करंजिया
kardhe,कर्धे,करघे
karghe,करघे,करघे
karachana,कराचना,करछना
karchhana,कारछाना,करछना
karna,कर्ण,करना
karpatri,करपत्री,करपात्री
karam,करम,करम
karoor,करूर,करूर
karur,कारूर,करूर
karnataka,कर्णतका,कर्नाटका
karvi,कारवी,कर्वी
kurvi,कुर्वी,कर्वी
kalmein,कल्में,कलमें
kalmen,काल्में,कलमें
kalraj,कलराज,कलराज
kalika,कालिका,कलिका
kalpanaon,कल्पनाओं,कल्पनाओं
kalpnaon,कल्पनाओं,कल्पनाओं
kavvaliyon,कव्वालियों,कव्वालियों
qawwaliyon,क़व्वालियों,कव्वालियों
kavvali,काववाली,कव्वाली
qawwali,क़व्वाली,कव्वाली
kashton,काष्टों,कष्टों
kasarat,कसरत,कसरत
kasrat,कसरत,कसरत
kasara,कसरा,कसारा
kasida,कसीदा,कसीदा
kahane,कहाने,कहने
kahne,कहने,कहने
kahlaya,कहलाया,कहलाया
kahaniyon,कहानियों,कहानियों
kile,कीले,क़िले
kanji,कांजी,कांजी
cant,कैंट,कांट
kant,कांत,कांट
kanti,कांटी,कांति
kakoo,काकू,काकू
kaku,काकु,काकू
kaagaj,काग़ज़,कागज़
kaagaz,काग़ज़,कागज़
kagaj,कागज,कागज़
kagaz,कागज,कागज़
kaaji,काजी,काजी
kaji,काजी,काजी
kazi,काजी,काजी
qazi,काजी,काजी
kajoo,काजू,काजू
kaju,काजू,काजू
kapadi,कपाड़ी,कापड़ी
kapdi,कपड़ी,कापड़ी
kamraj,कामराज,कामराज
kamottejana,कमोट्टेजना,कामोत्तेजना
kamottejna,कमोट्टेजना,कामोत्तेजना
kailana,कैलना,कायलाना
kaylana,कायलना,कायलाना
carfi,कारफी,कार्की
karki,कर्की,कार्की
kartik,कार्तिक,कार्तिक
karyakartaon,कार्यकर्ताओं,कार्यकर्ताओं
karykartaaon,कार्यकर्ताओं,कार्यकर्ताओं
karykartaon,कार्यकर्ताओं,कार्यकर्ताओं
karyabhar,कार्यभर,कार्यभार
karybhar,कार्यभार,कार्यभार
karyarat,कार्यारत,कार्यरत
karyrat,कार्यरत,कार्यरत
kaalpi,काल्पी,कालपी
kalapi,कलापी,कालपी
kalpi,कल्पी,कालपी
kalika,कालिका,कालिका
kalighat,कलीघाट,कालीघाट
coldvel,कोल्डवेल,काल्डवेल
kaldvel,काल्डवेल,काल्डवेल
kaldwell,काल्डवेल,काल्डवेल
kaav,काव,काव
kav,काव,काव
kaasht,काष्ट,काश्त
kasht,काष्ट,काश्त
kasim,कासिम,कासिम
qasim,कासिम,कासिम
kasimabad,कासीमाबाद,कासिमाबाद
kiya,किया,किया
kiliyan,किलियन,किलियन
killat,किल्लाट,किल्लत
killi,किल्ली,किल्ली
kisaani,किसानी,किसानी
kisani,किसनी,किसानी
kisanon,किसनों,किसानों
keede,कीड़े,कीड़े
kide,काइड,कीड़े
keynote,कीयोनते,कीनोट
kinote,किनोट,कीनोट
kiratpur,कीरतपुर,कीरतपुर
kundal,कुंडल,कुंडल
kundaliya,कुंडालिया,कुंडलियाँ
kundaliyan,कुंडालियां,कुंडलियाँ
kutta,कुट्टा,कुत्ता
kuposhit,कुपोषित,कुपोषित
kumau,कुमाऊ,कुमाऊ
kumavat,कुमावत,कुमावत
kumawat,कुमावत,कुमावत
kural,कुराल,कुराल
kurmi,कुर्मी,कुर्मी
kursiyon,कुर्सियों,कुर्सियों
kush,कुश,कुश
kushaan,कुशान,कुषाण
kushan,कुशान,कुषाण
kusumalataa,कुसुमलता,कुसुमलता
kusumalta,कुसुमलता,कुसुमलता
kusumlata,कुसुल्लता,कुसुमलता
koot,कूट,कूट
kut,कुट,कूट
kritika,कृतिका,कृतिका
kpo,केपीओ,केपीओ
canterbari,कंतरबारी,कैंटरबरी
canterbury,कैंट्रबरी,कैंटरबरी
candidate,कैंडिडेट,कैंडिडेट
katrina,कत्रिना,कैटरीना
caitlyn,कैटलिन,कैटलिन
cateline,कैटलाइन,कैटलिन
catlin,कैटलिन,कैटलिन
cadmium,कैडमियम,कैडमियम
catholic,कैथलिक,कैथोलिक
catholicon,कैथोलिकॉन,कैथोलिकों
kaetholikon,कैथोलिकों,कैथोलिकों
capacitor,कैपैटिटर,कैपेसिटर
carat,कारत,कैरेट
cavity,कैविटी,कैविटी
cavalry,केवलरी,कैवेलरी
kaivelari,कैवलरी,कैवेलरी
complex,कंप्लेक्स,कॉम्प्लेक्स
kocchi,कोची,कोच्चि
kochi,कोची,कोच्चि
corridor,कॉरिडोर,कोरिडोर
corolla,कुरोल्ला,कोरोला
korola,कोरोला,कोरोला
caolan,कॉलन,कोलन
colan,कॉलन,कोलन
colon,कॉलों,कोलन
calling,कॉलिंग,कोलिंग
koling,कोलिंग,कोलिंग
colorado,कलरडो,कोलोराडो
kolorado,कोलोरो,कोलोराडो
kaushal,कौशल,कौशल
kaushalata,कौशलता,कौशलता
kaushalta,कौशलता,कौशलता
kaushambi,कौशंबी,कौशाम्बी
cute,कट,क्यूट
quete,क्वेट,क्यूट
cube,क्यूब,क्यूब
cubeck,कबेक,क्यूबेक
quebec,क्वेबेस,क्यूबेक
cubes,क्यूब्स,क्यूब्स
krantiyon,क्रांतियों,क्रांतियों
cric,क्रिक,क्रिक
crick,क्रिक,क्रिक
cricket,क्रिकेट,क्रिकेट
cricketer,क्रिकीटर,क्रिकेटर
cricketing,क्रिकटिंग,क्रिकेटिंग
kriyayog,क्रिययोग,क्रियायोग
christian,क्रिस्टियन,क्रिश्चयन
kruger,क्रूजर,क्रूगर
craig,क्रैग,क्रेग
creg,क्रेग,क्रेग
cradle,कर्डल,क्रैडल
chrom,क्रोम,क्रोम
chrome,क्रोम,क्रोम
client,क्लाइंट,क्लांइट
clock,क्लॉक,क्लाक
clasen,क्लेसन,क्लासें
classen,क्लासें,क्लासें
classon,क्लासों,क्लासों
clay,क्ले,क्ले
claris,क्लारिस,क्लेरिस
cleris,क्लेरिस,क्लेरिस
clerys,क्लरीस,क्लेरिस
quantico,क्वांटिको,क्वांटिको
queens,क्वींस,क्वींस
kshitij,क्षितिज,क्षितिज
shitij,शीतिज,क्षितिज
kshin,क्षिण,क्षीण
shin,शीन,क्षीण
kshetron,क्षेत्रों,क्षेत्रों
shetron,क्षेत्रों,क्षेत्रों
khand,खंड,खंडा
khanda,खंडा,खंडा
khachakhach,खचखच,खचाखच
khajarana,खजराना,खजराना
khajraana,खजराना,खजराना
khajrana,खजराना,खजराना
khatakati,खटकती,खटकती
khatakti,खटकती,खटकती
kihatkati,किहतकति,खटकती
khattapan,खट्टापन,खट्टापन
khat,खात,खत
khani,खानी,खनि
khanik,खानिक,खनिक
khanikarm,खनीकर्म,खनिकर्म
khanikarma,खनीकर्मा,खनिकर्म
khanikarmi,खनीकर्मी,खनिकर्म
khapat,खपट,खपत
khariya,खरियां,खरिया
khalnayak,खलनायक,खलनायक
khaaskar,खाक्कर,ख़ासकर
khaskar,खासकर,ख़ासकर
khaastaur,खासतौर,ख़ासतौर
khastaur,खासतौर,ख़ासतौर
khaibar,खैबर,ख़ैबर
khyber,खैबर,ख़ैबर
khaein,खाएं,खाएं
khaen,खाएं,खाएं
khayen,खायें,खाएं
khaate,खाते,खाते
khaatey,खाते,खाते
khate,खाते,खाते
khal,खाल,खाल
khinchakar,खींचाकर,खिंचकर
khinchkar,खींचकर,खिंचकर
khilana,खिलना,खिलाना
khinchkar,खींचकर,खींचकर
khuda,खुदा,खुदा
khudai,खुदाई,खुदाई
khurapka,खुरापका,खुरपका
khurpaka,खुरपका,खुरपका
khurasan,खुरासन,खुरासान
khushiyan,खुशियां,खुशियां
khene,खेने,खेने
khaini,खैनी,खैनी
khairati,खैरती,खैराती
khoikhoi,खोखोई,खोईखोई
khoya,खोया,खोया
gangrel,गंग्रेल,गंगरेल
gangaajal,गंगाजल,गंगाजल
gangajal,गंगजल,गंगाजल
gandaki,गंदाकी,गंडकी
gandki,गंदकी,गंडकी
gandh,गंध,गंध
gandha,गंधा,गंध
gae,गाई,गए
gaye,गाये,गए
gajara,गजरा,गजरा
gajra,गजरा,गजरा
gadkar,गड़कर,गडकर
ganapati,गणपती,गणपति
ganpati,गणपती,गणपति
gatisheel,गतिशील,गतिशील
gatishil,गतिशील,गतिशील
gatishilata,गतिशीलता,गतिशीलता
gadadhar,गदाधार,गदाधर
gammat,गम्मत,गम्मत
gaya,गाया,गया
garibi,गरीबी,गरीबी
garjana,गरजाना,गर्जना
galgand,गलगंद,गलगंड
gahmagahmi,गहमगही,गहमागहमी
gemhagehmi,गेमहाजेही,गहमागहमी
ganguly,गंगुल्य,गांगुली
gaanth,गांठ,गांठ
ganth,गांठ,गांठ
gaanthe,गांते,गांठे
ganthe,गंथे,गांठे
ganthen,गंथें,गांठें
ganthon,गंथों,गांठों
gaen,गाएं,गाएं
gayen,गायें,गाएं
gazi,गाजी,गाज़ी
gajipur,गाजीपुर,गाजीपुर
gazipur,गाज़ीपुर,गाजीपुर
gayatri,गयात्री,गायत्री
gayitri,गयित्री,गायत्री
gaytri,गयत्री,गायत्री
gidgidate,गिडगिडेट,गिड़गिड़ाते
ginate,गिनते,गिनते
ginte,जिनते,गिनते
girkar,गिरकर,गिरकर
girijaghar,गिरिजाघर,गिरजाघर
girjaghar,गीरजाघर,गिरजाघर
girijagharon,गिरिजाघरों,गिरजाघरों
girjagharon,गीरजाघरों,गिरजाघरों
girati,गिराती,गिरती
girti,गिर्ती,गिरती
girish,गिरिश,गिरीश
guan,गुण,गुआन
gujar,गुजर,गुजार
gujarata,गुजरता,गुजारता
gujarta,गुजरता,गुजारता
gujarate,गुजराते,गुजारते
gujarte,गुजरते,गुजारते
gujarana,गुजरना,गुजारना
gujarna,गुजरना,गुजारना
gujara,गुजरा,गुजारा
gujare,गुजरे,गुजारे
gutta,गुट्टा,गुट्टा
gthalidar,गथलीदार,गुठलीदार
guthalidar,गुथलीदार,गुठलीदार
gudna,गुड़ना,गुदना
gumaan,गुमान,गुमान
guman,गुमान,गुमान
gulshan,गुलशान,गुलशन
gunga,गूंगा,गूंगा
grihnagar,गृहनगर,गृहनगर
gruhnagar,गृहनगर,गृहनगर
galaxion,गैलैक्सियों,गैलेक्सियों
galaxiyon,गैलक्सियों,गैलेक्सियों
galaxyon,गैलक्स्यों,गैलेक्सियों
gochar,गोचर,गोचर
gouchar,गुचार,गोचर
godara,गोदरा,गोदारा
gopichand,गोपीचंद,गोपीचंद
gomake,गोमेक,गोमके
gomke,गोमके,गोमके
goel,गोइल,गोयल
goyal,गोयाल,गोयल
gosvaami,गोस्वामी,गोस्वामी
gosvami,गोस्वामी,गोस्वामी
goswami,गोस्वामी,गोस्वामी
gaumukh,गौमुख,गौमुख
gomukh,गोमुख,गौमुख
gaumutr,गौमूत्र,गौमूत्र
gaumutra,गौमूत्र,गौमूत्र
gowmutra,गोवमूत्र,गौमूत्र
granthiyaan,ग्रांथियां,ग्रंथियां
granthiyan,ग्रांथियां,ग्रंथियां
grandhiyon,ग्रांधियों,ग्रंथियों
granthiyon,ग्रांथियों,ग्रंथियों
greest,ग्रीस्ट,ग्रीस्ट
greist,ग्रेस्ट,ग्रीस्ट
grist,ग्रिस्ट,ग्रीस्ट
greg,ग्रेग,ग्रेग
granite,ग्रेनिट,ग्रेनाइट
grenite,ग्रेनाइट,ग्रेनाइट
grandson,ग्रेंड्सन,ग्रैंडसन
gross,ग्रोस,ग्रॉस
ghataatop,घटातोप,घटाटोप
ghatatop,घटतोप,घटाटोप
ghataayaa,घटाया,घटाया
ghataya,घटाया,घटाया
ghanakar,घनाकर,घनाकार
ghabrahat,घबराहट,घबराहट
ghasi,घसी,घासी
ghisai,घीसाई,घिसाई
ghisi,घीसी,घिसी
ghise,घीसे,घिसे
ghumakkadi,घुमक्कड़ी,घुमक्कड़ी
ghumakkdi,घुमक्कडी,घुमक्कड़ी
ghumakkadon,घुमक्कड़ों,घुमक्कड़ों
ghumakkaron,घुमक्करों,घुमक्कड़ों
ghumakkdon,घूमकड़ों,घुमक्कड़ों
ghummakkadon,घूम्मकदाओं,घुमक्कड़ों
ghumaan,घुमान,घुमाण
ghuman,घुमान,घुमाण
ghoonsa,घूंसा,घूंसा
ghunsa,घुंसा,घूंसा
ghongha,घोंघा,घोंघा
ghontane,घोंटाने,घोंटने
ghontne,घोंटने,घोंटने
ghot,घोट,घोट
ghodi,घोड़ी,घोड़ी
ghost,घोस्त,घोस्ट
changul,चंगुल,चंगुल
chand,चंद,चंद
chandan,चंदन,चंदन
chandana,चंदना,चंदन
chandu,चंदू,चंदू
chandon,चंदों,चंदों
chandrabali,चंद्रबली,चंद्रबली
chandramaon,चंद्रमाओं,चंद्रमाओं
chakatte,चकत्ते,चकत्ते
chaktte,चकते,चकत्ते
chakkar,चक्कर,चक्कर
chkkar,चक्कर,चक्कर
chakshu,चाक्षु,चक्षु
chatagaon,चटगाओं,चटगांव
chatgaon,चातगांव,चटगांव
chadhane,चढ़ाने,चढ़ने
chadhne,चढ़ने,चढ़ने
chaturdik,चतुर्दिक,चतुर्दिक
chatunshkoniy,चतुंशकोयीय,चतुष्कोणीय
chatushkoniy,चतुष्कोणीय,चतुष्कोणीय
chatushkoniya,चतुष्कोणीय,चतुष्कोणीय
channa,चन्ना,चन्ना
chabate,चबते,चबाते
chabutare,चाबूतरे,चबूतरे
chabutre,चबूत्रे,चबूतरे
chamakna,चमकना,चमकना
chamkana,चमकाना,चमकना
charas,चारस,चरस
charit,चरित,चरित
charcha,चर्चा,चर्चा
churcha,चर्चा,चर्चा
charchaon,चर्चाओं,चर्चाओं
chalenge,चलेंगे,चलेंगे
chlenge,चलेंगे,चलेंगे
chahunaur,चाहुनौर,चहुंओर
chahunor,चाहुनोर,चहुंओर
chanval,चंवल,चांवल
chanwal,चंवल,चांवल
chachaji,चचाजी,चाचाजी
chadar,चादर,चादर
chadaron,चादरों,चादरों
chadron,चाद्रों,चादरों
chan,चैन,चान
chanan,चानन,चानन
chaplusi,चपलूसी,चापलूसी
chayal,चयाल,चायल
char,चार,चार
charon,चारों,चारों
charge,चार्ज,चार्ज
chart,चार्ट,चार्ट
charton,चार्टन,चार्टों
charts,चार्ट्स,चार्ट्स
chaalit,चालित,चालित
chalit,चलित,चालित
chikitsak,चिकित्सक,चिकित्सक
chikitsakon,चिकित्सकों,चिकित्सकों
chikhali,चिखली,चिखली
chiththi,चीठठी,चिट्ठी
chitthi,चिट्ठी,चिट्ठी
chithhi,चीठी,चिठ्ठी
chiththi,चीठठी,चिठ्ठी
chitthi,चिट्ठी,चिठ्ठी
chidchidapan,चिड़चिड़पान,चिडचिडापन
chidchidapan,चिड़चिड़पान,चिड़चिड़ापन
chidhate,चिढ़ते,चिढ़ते
chidhte,चिढ़ते,चिढ़ते
chithrkar,चित्रकर,चित्रकार
chitrkar,चित्रकार,चित्रकार
chipakane,चिपकने,चिपकने
chipakne,चिपकने,चिपकने
chipkane,चिपकने,चिपकने
chimati,चिमटी,चिमटी
chimti,चिमटी,चिमटी
chillane,चिलाने,चिल्लाने
chee,ची,ची
chi,ची,ची
chuka,चूका,चुका
chune,चुने,चुने
chunar,चुनार,चूनर
changed,चांगेड,चेंज्ड
chetti,चेत्ती,चेट्टी
chennai,चेनी,चेन्नई
chero,चेरो,चेरो
chest,चेस्ट,चेस्ट
championship,चंपियशिप,चैंपियनशिप
chor,कॉर,चोर
choro,कोरो,चोरों
choron,चोरों,चोरों
chauk,चौक,चौक
chowk,चौक,चौक
chauka,चौका,चौका
chuka,चूका,चौका
chaukiyan,चौकियां,चौकियां
chauki,चौकी,चौकी
chaukhate,चौखते,चौखटे
chauguni,चौगुणी,चौगुनी
chauda,चौड़ा,चौड़ा
chaudah,चौदह,चौड़ा
chaudahavan,चौदहवां,चौदहवां
chaudhavan,चौदहवन,चौदहवां
chaudhawan,चौदहवन,चौदहवां
chaupati,चौपति,चौपाटी
chupaty,चुपत्य,चौपाटी
chaupal,चौपाल,चौपाल
chaurai,चौराई,चौरई
chausinga,चौसिंगा,चौसिंगा
chausingha,चौसिंह,चौसिंगा
chhagan,छागन,छगन
chhabi,छाबी,छबि
chhalla,छल्ला,छल्ला
chhallaa,छल्ला,छल्ला
chhaviyaan,छावियां,छवियाँ
chhaviyan,छावियां,छवियाँ
chhavi,छावी,छवी
cheh,चेह,छह
chhah,छाह,छह
chehon,चेहों,छहों
chhahon,छाहों,छहों
chhai,छाई,छाई
chhagla,छागला,छागला
chhajan,छजन,छाजन
chhaati,छाती,छाती
chhati,छती,छाती
chhaapemaar,छापेमार,छापेमार
chhapemar,छापेमार,छापेमार
chheenk,छींक,छींक
chhink,छींक,छींक
chink,चिंक,छींक
chenkein,चेंकें,छींके
chhekein,छेकें,छींके
chhinke,छींके,छींके
chhinky,छिंकी,छींके
chinke,चिंके,छींके
chhudaane,छुड़ाने,छुडाने
chhudane,छुड़ाने,छुडाने
chhupakar,छुपाकर,छुपकर
chhupkar,छुपकर,छुपकर
chhupkr,छुपकर,छुपकर
chhupata,छुपटा,छुपता
chhupta,छुप्ता,छुपता
chhuptaa,छुप्ता,छुपता
chhura,छुड़ा,छुरा
chhuraa,छुड़ा,छुरा
chhuree,छुड़ी,छुरी
chhuri,छुड़ी,छुरी
chhure,छुड़े,छुरे
chhootane,छूटने,छूटने
chhutane,छुटाने,छूटने
chhutne,छुटने,छूटने
chheter,छेतेर,छेत्र
chhetr,छेत्र,छेत्र
chhetter,छेतर,छेत्र
chhetri,छेत्री,छेत्री
chhetthari,छेत्थरी,छेत्री
chhetthri,छेट्ठड़ी,छेत्री
chai,चाय,छै
chhai,छाई,छै
chhe,छे,छै
jagaega,जगाएगा,जगाएगा
jagayega,जगाएगा,जगाएगा
jaghaega,जगाएगा,जगाएगा
jgaayega,जगाएगा,जगाएगा
jgayegaa,जगाएगा,जगाएगा
jajaon,जजाओं,जजों
jajon,जाजों,जजों
jad,जाद,जड़
jadd,जड़,जड़
jaddit,जड़ित,जड़ित
jadeite,जादीते,जड़ित
jadet,जादेत,जड़ित
jadit,जादित,जड़ित
jadein,जादें,जड़ें
jaden,जादें,जड़ें
jatara,जटारा,जतरा
jatra,जात्रा,जतरा
jataati,जताती,जताती
jatatee,जटाती,जताती
jatati,जताति,जताती
janagananaa,जनगनना,जनगणना
janaganna,जनगन्ना,जनगणना
jangadnaa,जांगड़ना,जनगणना
janganana,जांगनना,जनगणना
janganna,जानगना,जनगणना
janajagran,जनजाग्रण,जनजागरण
janjaagran,जनजागरण,जनजागरण
janjagran,जनजागरण,जनजागरण
january,जनुरी,जनवरी
janahaani,जनहानी,जनहानि
janahani,जनहानी,जनहानि
janhaani,जनहानी,जनहानि
janhani,जान्हनी,जनहानि
jnhaani,जन्हानी,जनहानि
jamaate,जमाते,जमाती
jamaati,जमाती,जमाती
jamati,जमती,जमाती
jamaaya,जमाया,जमाया
jamaeya,जमाए,जमाया
jamaya,जमाया,जमाया
jamayaa,जमाया,जमाया
jamuai,जमुआई,जमुई
jamuei,जमुई,जमुई
jamui,जमुई,जमुई
jai,जाई,जय
jay,जाय,जय
jaidayal,जयदायल,जयदयाल
jayadayal,जयदयल,जयदयाल
jaydayal,जयदयल,जयदयाल
jaibaan,जाइबान,जयबाण
jaiban,जाइबन,जयबाण
jaybaan,जयबान,जयबाण
jayalalita,जयलालिता,जयललिता
jayalalitaa,जयलालिता,जयललिता
jayalalithaa,जयलालीठा,जयललिता
jaylalita,जयलालिता,जयललिता
jarakh,जरख,जरख
zarakh,ज़रख,जरख
jarda,जर्दा,जर्दा
jardaa,जर्दा,जर्दा
zarda,ज़र्दा,जर्दा
jalagati,जलागती,जलगति
jalgati,जलगति,जलगति
jalgti,जलगती,जलगति
jalte,जलते,जलते
jalbharav,जलभराव,जलभराव
jalbhraav,जलभराव,जलभराव
jalbhrav,जलभराव,जलभराव
jalvaayu,जलवायु,जलवायु
jalvayu,जलवायु,जलवायु
jalesar,जलेसर,जलेसर
jasmeet,जसमीत,जसमीत
jasmit,जस्मित,जसमीत
jassee,जस्सी,जस्सी
jassi,जस्सी,जस्सी
jamaanaa,जमाना,ज़माना
jamana,जमाना,ज़माना
zamaanaa,ज़माना,ज़माना
zamana,जमाना,ज़माना
jaljale,जलजले,ज़लज़ले
zalzale,जल्जले,ज़लज़ले
zee,जी,ज़ी
jubaan,जुबान,ज़ुबान
juban,जुबान,ज़ुबान
zuban,जुबान,ज़ुबान
jaanch,जांच,जाँच
jaaunch,जांच,जाँच
janch,जांच,जाँच
jaunch,जौंच,जाँच
jaagriti,जागृति,जागृति
jagriti,जागरीति,जागृति
jagruti,जागृति,जागृति
jajamau,जजमाऊ,जाजमऊ
jajmau,जजमाऊ,जाजमऊ
jajmauu,जजमऊ,जाजमऊ
jaat,जाट,जात
jat,जाट,जात
jaatak,जातक,जातक
jatak,जातक,जातक
jaatakon,जातकों,जातकों
jaatkon,जातकों,जातकों
jatakon,जातकों,जातकों
jaatiyon,जातियों,जातियों
jatiyon,जातियों,जातियों
jaankaaron,जानकारों,जानकारों
jaankaron,जानकरों,जानकारों
jankaron,जानकरों,जानकारों
jaanam,जान्म,जानम
janam,जन्म,जानम
jaayke,जायके,जायके
jayke,जायके,जायके
jaawar,जावर,जावर
zawar,ज़वार,जावर
jing,जिंग,जिंग
gin,गिन,जिन
jeen,जीन,जिन
jin,जिन,जिन
ginee,गिनी,जिनी
jinee,जिनी,जिनी
jini,जीनी,जिनी
geneva,जेनेवा,जिनीवा
jeneva,जेनेवा,जिनीवा
jiniva,जिनीवा,जिनीवा
gypsy,जिप्सी,जिप्सी
jimme,जिम्मे,जिम्मे
jiya,जीया,जिया
gic,जीईसी,जीआईसी
gr,ग्र,जीआर
gm,जीएम,जीएम
gsm,जीएसएम,जीएसएम
gtod,गटोड,जीतोड़
gtor,ग्टोर,जीतोड़
jeetod,जीतोड़,जीतोड़
jitod,जीतोड़,जीतोड़
jean,जेन,जीन
jeen,जीन,जीन
jin,जिन,जीन
jeenon,जीनों,जीनों
jinon,जीनों,जीनों
jeepney,जीपने,जीपनी
jipani,जिपनी,जीपनी
jeeyo,जीयो,जीयो
jio,जिओ,जीयो
jiyo,जीयो,जीयो
jeera,जीरा,जीरा
jira,जीरा,जीरा
jeevant,जीवांत,जीवंत
jivant,जीवंत,जीवंत
jeevan,जीवन,जीवन
jeewan,जीवन,जीवन
jivan,जीवन,जीवन
jiwan,जीवन,जीवन
jeevanshaili,जीवनशैली,जीवनशैली
jivanshaili,जीवनशैली,जीवनशैली
jeevniyaan,जीवनियां,जीवनियां
jivaniya,जीवनीय,जीवनियां
jivaniyaan,जीवनियां,जीवनियां
jivaniyan,जीवनियां,जीवनियां
jeevraaj,जीवराज,जीवराज
jivraj,जीवराज,जीवराज
jua,जुआ,जुए
jue,जुए,जुए
juye,जूए,जुए
jutee,जूटी,जुटी
juti,जूटी,जुटी
judaai,जुड़ाई,जुड़ाई
judae,जुड़ाई,जुड़ाई
judai,जुड़ाई,जुड़ाई
judaai,जुड़ाई,जुदाई
judai,जुड़ाई,जुदाई
junoon,जुनों,जुनून
junun,जूनुन,जुनून
junooni,जूनूनी,जुनूनी
jununi,जूनुनी,जुनूनी
jubair,जुबैर,जुबेर
juber,ज़ुबैर,जुबेर
zubair,ज़ुबैर,जुबेर
juraab,जुराब,जुराब
jurab,जुराब,जुराब
julaahon,जुलाहों,जुलाहों
julahon,जुलाहों,जुलाहों
julmon,जुल्मों,जुल्मों
zulmon,जुल्मों,जुल्मों
jood,जूढ,जूड
jud,जुड,जूड
junagadh,जूनागढ़,जूनागढ
junagarh,जूनागढ़,जूनागढ
junior,ज्यूनियर,जूनियर
jealous,ज्यालोस,जूलूस
juloos,जुलूस,जूलूस
julus,जुलूस,जूलूस
jetha,जेठा,जेठा
jenner,जेनर,जेनर
generic,जेनेरिक,जेनरिक
jenrick,जेनरिक,जेनरिक
generat,जनराट,जेनरेट
generate,जनरेट,जेनरेट
jenee,जेनी,जेनी
jenni,जेनी,जेनी
jenny,जेनी,जेनी
james,जमेस,जेम्स
jeremy,जेरेमी,जेरेमी
gerome,जीरोम,जेरोम
jerome,जीरोम,जेरोम
jacks,जैक्स,जैक्स
jain,जैन,जैन
gene,जेने,जैने
jaine,जैने,जैने
jaino,जैनो,जैनों
jainon,जैनों,जैनों
jerry,जेरी,जैरी
jasper,जसपर,जैस्पर
jogging,जॉगिंग,जॉगिंग
johnson,जानसन,जॉनसन
jobs,जॉब्स,जॉब्स
jockey,जोकी,जोकि
joki,जोकी,जोकि
jokhim,जोखिम,जोखिम
joddta,जोड़ता,जोड़ता
jodta,जोड़ता,जोड़ता
jorhta,जोड़ता,जोड़ता
jodiyon,जोड़ियों,जोड़ियों
jodo,जोडो,जोड़ो
jaun,जौन,जौं
gyatavya,ज्ञातव्य,ज्ञातव्य
gyatvy,ज्ञातव्य,ज्ञातव्य
gyapit,ज्ञापित,ज्ञापित
jyotiba,ज्योतिबा,ज्योतिबा
joint,जाइंट,ज्वाइंट
jvar,ज्वर,ज्वार
jwar,ज्वर,ज्वार
jvaaron,ज्वारों,ज्वारों
jvaron,ज्वारों,ज्वारों
jwaron,ज्वरों,ज्वारों
jewellers,ज्वैलर्स,ज्वेलर्स
jh,झ,झ
jha,झा,झ
jhalakti,झलकती,झलकती
jhalkati,झलकति,झलकती
jhalla,झल्ला,झल्ला
jhankana,झंकाना,झांकना
jhankna,झांकना,झांकना
jheel,झील,झील
jhil,झील,झील
jheelon,झीलों,झीलों
jhilon,झीलों,झीलों
jhuthala,झुठाला,झुठला
jhuthla,झूठला,झुठला
jhuthalane,झुठलने,झुठलाने
jhuthlane,झुठलाने,झुठलाने
tankaar,टनकार,टंकार
tankar,टंकर,टंकार
takara,टकरा,टकरा
takra,टकरा,टकरा
takaraon,टकराओं,टकरावों
takravon,टकरावों,टकरावों
tapakti,तपाकती,टपकती
tapkati,तपकटी,टपकती
time,टाइम,टाइम
timer,टाइमर,टाइमर
taoo,टाउ,टाऊ
tau,टाउ,टाऊ
tapoowo,तापू,टापुओं
tapuon,तापुओं,टापुओं
tapuwo,तापू,टापुओं
tied,टायड,टायर्ड
tired,टायर्ड,टायर्ड
tyred,टायर्ड,टायर्ड
tarch,टार्क,टार्च
torch,टॉर्च,टार्च
tik,टीक,टिक
teap,टीप,टिप
tip,टीप,टिप
tippanikar,टिप्पणिकार,टिप्पणीकार
tippnikar,टिप्पनिकार,टिप्पणीकार
tivolee,टाइवोली,टिवोली
tivoli,टिवॉली,टिवोली
teekamgarh,टीकामगढ़,टीकमगढ़
tikamgarh,तीकामगढ़,टीकमगढ़
teekon,टीकों,टीकों
tikon,टीकोण,टीकों
two,टू,टु
tension,टैंशन,टेंशन
tenis,टेनिस,टेनिस
tennis,टेनिस,टेनिस
taste,तस्ते,टेस्ट
test,टेस्ट,टेस्ट
tasting,टैस्टिंग,टेस्टिंग
testing,टैस्टिंग,टेस्टिंग
tainin,तैनीन,टैनिन
tenin,टेनिन,टैनिन
tanish,टनीश,टैनिस
tennis,टेनिस,टैनिस
taboo,ताबू,टैबू
taiboo,ताइबू,टैबू
taobao,टोबाओ,टैबू
tonic,टोनिक,टॉनिक
tonga,टोंगा,टोंगा
toka,टोका,टोका
tuesday,ट्यूज्डे,ट्यूजडे
tuning,टनिंग,ट्यूनिंग
tuberculosis,तुबरूलोसिस,ट्यूबरक्यूलोसिस
tuberkyulosis,तुबरुलोसिस,ट्यूबरक्यूलोसिस
truck,ट्रॉक,ट्रक
trangistor,ट्रांजिस्टर,ट्रांजिस्टर
tranjister,ट्रांजिस्टर,ट्रांजिस्टर
transistor,ट्रांसिस्टर,ट्रांजिस्टर
transfer,ट्रांसफेर,ट्रान्सफर
tribunal,त्रिबूनल,ट्रिब्युनल
tribunal,त्रिबूनल,ट्रिब्यूनल
trubyunal,ट्रुप्यूनल,ट्रिब्यूनल
truth,तृथ,ट्रुथ
tuth,टूथ,ट्रुथ
traded,ट्रेड्ड,ट्रेडेड
trabal,ट्रैबल,ट्रेबल
trebal,ट्रेबल,ट्रेबल
trouble,ट्रबल,ट्रेबल
traip,ट्रैप,ट्रैप
trap,ट्रैप,ट्रैप
trot,ट्रॉट,ट्रॉट
trott,ट्रॉट,ट्रॉट
thakkar,ठक्कर,ठक्कर
thakkr,ठक्कर,ठक्कर
thaharne,ठहरने,ठहरने
thahrane,ठहराने,ठहरने
theharne,ठहरने,ठहरने
thikane,ठिकाने,ठिकाने
thumari,थूमरी,ठुमरी
thumri,थुमरी,ठुमरी
theinga,ठेंगा,ठेंगा
thenga,ठेंगा,ठेंगा
thengaa,ठेंगा,ठेंगा
daglas,डगलास,डगलस
douglas,डाउलैस,डगलस
dabhara,दाभारा,डभरा
dabhra,दभरा,डभरा
dabhoi,दाभोई,डभोई
dam,डैम,डम
dum,डूम,डम
darate,डरते,डराते
daratey,दरते,डराते
daravani,दरवाणी,डरावनी
darawani,दरवाणी,डरावनी
dravani,द्रवाणी,डरावनी
down,डाउन,डाउन
daak,दाक,डाक
dak,डक,डाक
daka,डका,डाका
dabi,दबी,डाबी
dabolim,डबोलिम,डाबोलिम
dinosaur,दिनोसौर,डायनासोर
diaries,डायरीज,डायरीज
dit,डीट,डिट
depthiriya,देप्तिरीय,डिप्थीरिया
diphtheria,दिपथेरिया,डिप्थीरिया
de,दे,डीई
dealership,डेलर्शिप,डीलरशिप
dvc,डीवीसी,डीवीसी
dubaana,दुबाना,डुबाना
dubana,दूबाना,डुबाना
dubona,दूबोना,डुबोना
dulne,दूलने,डुलने
doonarpur,दूनारपुर,डूंगरपुर
doongarpur,दूनगरपुर,डूंगरपुर
dungarpur,दुंगरपुर,डूंगरपुर
dungerpur,दुंगरपुर,डूंगरपुर
dubana,दूबाना,डूबना
dubna,दूबना,डूबना
dangerous,डंजीरूस,डेंजरस
daisy,डैसी,डेजी
dazy,दाज्य,डेजी
deji,देजी,डेजी
deputy,डिप्टी,डेप्युटी
davidson,डेविड्सन,डेविडसन
devidson,डेविड्सन,डेविडसन
davey,दावे,डेवी
devi,दैवी,डेवी
dewey,देवे,डेवी
destination,डेस्टीनेशन,डेस्टिनेशन
datson,दत्सों,डैटसन
datsun,दत्सुन,डैटसन
daddy,दद्द्य,डैडी
dark,डार्क,डॉर्क
dork,डोर्क,डॉर्क
dose,डोस,डोज
domenic,डोमेनिक,डोमेनिक
doranda,दोरंदा,डोरंडा
dolane,डोलने,डोलने
dolne,डोलने,डोलने
dual,डुएल,ड्युअल
duak,डुक,ड्यूक
duke,दूके,ड्यूक
drame,ड्रेम,ड्रामे
dramen,ड्रमें,ड्रामे
drager,ड्रेजर,ड्रेजर
dredger,ड्रेडर,ड्रेजर
dreijer,ड्रीजर,ड्रेजर
dhakaal,ढकाल,ढकाल
dhakal,ढकल,ढकाल
dhakkal,ढक्कल,ढकाल
dhkal,ढकाल,ढकाल
dhale,ढाले,ढले
dhoondh,ढूंढ,ढूंढ
dhundh,धुंध,ढूंढ
dhoondhata,ढूंढता,ढूंढता
dhundhata,ढूंढता,ढूंढता
dhundhta,धुंधता,ढूंढता
dhoondhi,ढूंढी,ढूंढी
dhundhi,धुंधी,ढूंढी
tanjavur,तंजावूर,तंजावुर
thanjavur,तंजावूर,तंजावुर
tantr,तंत्र,तंत्र
tantra,तंत्र,तंत्र
tantrikao,तांत्रिकाओ,तंत्रिकाओं
tantrikaon,तांत्रिकाओं,तंत्रिकाओं
tantro,टंट्रो,तंत्रों
tantron,तंत्रों,तंत्रों
tagade,टगड़े,तगड़े
tagde,टैगे,तगड़े
tadipaar,तादीपार,तड़ीपार
tadipar,तादीपार,तड़ीपार
tani,तानी,तनी
tapan,टापन,तपन
tarafa,तरफा,तरफा
tarfa,तरफा,तरफा
tarabganj,ताराबगंज,तरबगंज
taras,तरस,तरस
taraash,तराश,तराश
tarash,ताराश,तराश
tarashay,तराशय,तराशे
tarashe,तराशे,तराशे
tareeko,तरीको,तरीको
tariko,तारीको,तरीको
tark,टार्क,तर्क
tarkvaad,तरकवाद,तर्कवाद
tarkvad,तरकवाद,तर्कवाद
tarkwaad,तरकवाद,तर्कवाद
tarko,टारको,तर्कों
tarkon,टारकों,तर्कों
talabgaar,तालाबगार,तलबगार
talabgar,तालाबगर,तलबगार
talbagaar,तलबगार,तलबगार
talbagar,तलबगर,तलबगार
talawe,टलावे,तलवे
talve,टाल्व,तलवे
talawon,तलावों,तलवों
talvon,तलवों,तलवों
tahakhana,टहखना,तहखाना
tahkhaana,तहखाना,तहखाना
tahkhana,तहखाना,तहखाना
taantaa,तानता,तांता
tanta,टानता,तांता
tambe,तांबे,तांबे
tanbe,तांबे,तांबे
taaja,ताजा,ताजा
taajaa,ताजा,ताजा
taaza,ताजा,ताजा
taja,ताजा,ताजा
taza,ताजा,ताजा
tansen,तांसें,तानसेन
taapmaanon,तापमानों,तापमानों
tapmano,तापमानों,तापमानों
tapmanon,तापमों,तापमानों
taapti,तापति,ताप्ती
tapti,तपती,ताप्ती
tarabai,तरबाई,ताराबाई
taseer,तसीर,तासीर
tasir,तसीर,तासीर
taahi,ताही,ताहि
tahi,टाही,ताहि
tikone,टिकोन,तिकोने
tirupati,तिरूपति,तिरूपति
tiwari,तिवारी,तिवारी
ti,टी,ती
teer,टीर,तीर
tir,तीर,तीर
teeron,टीरों,तीरों
tiron,तीरों,तीरों
tirthatan,तीर्थतन,तीर्थाटन
tungnath,तुंगनाथ,तुंगनाथ
tughlaq,तुघलक,तुगलक
tuglak,तुग्लक,तुगलक
tughlakabad,तुघलकाबाद,तुगलकाबाद
tughlaqabad,तुघलाकाब,तुगलकाबाद
tuglakabad,तुगलाकाबाद,तुगलकाबाद
tugalaki,तुगलकी,तुगलकी
tugalki,तुगलकी,तुगलकी
tuglaki,तुग्लकी,तुगलकी
tufail,तुफैल,तुफैल
tejaji,तेजाजी,तेजाजी
teji,तेज़ी,तेजी
tel,टेल,तेल
telon,टेलों,तेलों
to,टू,तो
toh,तोह,तो
taul,टॉल,तौल
tyohaar,त्योहार,त्यौहार
tyohar,त्योहार,त्यौहार
tyoihar,त्योइहार,त्यौहार
tyauharon,त्याहारों,त्यौहारों
tyoharon,त्योहारों,त्यौहारों
tyoiharon,त्योइहारों,त्यौहारों
trijata,त्रिजता,त्रिजटा
trijta,त्रिजता,त्रिजटा
triya,ट्रिया,त्रिया
tremasik,त्रेमासिक,त्रैमासिक
trimasik,त्रिमासिक,त्रैमासिक
tse,ट्से,त्से
thaki,थाकी,थकी
thki,थकी,थकी
tharti,थर्ती,थर्टी
thirty,थर्टी,थर्टी
thane,थाने,थाणे
thaanvi,थानवी,थानवी
thanvi,थनवी,थानवी
theateron,थीटरों,थिएटरों
theatron,थीटरों,थिएटरों
theaters,थीटर्स,थिएटर्स
theater,थीटर,थियेटर
theatre,थीटर,थियेटर
theateron,थीटरों,थियेटरों
theatron,थीटरों,थियेटरों
thitron,थित्रों,थियेटरों
theaters,थीटर्स,थियेटर्स
theatrs,थीटर्स,थियेटर्स
thiyeters,थियेटर्स,थियेटर्स
thirake,थिराके,थिरके
thirke,थिरके,थिरके
thief,थीफ,थीफ
then,थें,थेन
theni,थेनी,थेनी
thailee,थैली,थैली
thaili,थैली,थैली
thaile,थाइल,थैले
dang,डैंग,दंग
danga,डंगा,दंगा
dangon,दांगों,दंगों
dampati,दामपति,दंपति
danpati,दानपति,दंपति
dampatiyon,दंपतियों,दंपतियों
dampattiyon,दंपत्तियों,दंपतियों
danptiyon,दंपतियों,दंपतियों
dadreva,दादरेवा,ददरेवा
dadrewa,दादरेवा,ददरेवा
damoh,दमोह,दमोह
dardara,दरदारा,दरदरा
dardraa,दरदरा,दरदरा
durdhara,दूरधरा,दरदरा
darmiyaan,दरमियां,दरमियान
darmiyan,दरमियां,दरमियान
darjano,दरजानों,दर्जनों
darjanon,दर्जनों,दर्जनों
darp,दर्प,दर्प
darra,दरारा,दर्रा
dalbadal,दलबदल,दलबदल
dalbadl,डालबादल,दलबदल
dali,दली,दली
dastaanaa,दस्ताना,दस्ताना
dastana,दस्ताना,दस्ताना
dastavej,दस्तावेज़,दस्तावेज
dahan,दहन,दहन
dahal,दहाल,दहल
da,दा,दा
daakhil,दाख़िल,दाखिल
dakhil,दाख़िल,दाखिल
daakhile,दाखिले,दाखिले
dakhile,दाखिले,दाखिले
daataa,डाता,दाता
data,डटा,दाता
dadari,दादरी,दादरी
daanshil,दानशील,दानशील
danshil,दानशील,दानशील
daabholkar,दाबोलकर,दाभोलकर
dabholkar,दबोलकर,दाभोलकर
damale,डमले,दामले
damle,डमले,दामले
dayitv,दयित्व,दायित्व
dayitva,दयित्व,दायित्व
dayitwa,दयित्व,दायित्व
dayitvon,दयित्वों,दायित्वों
dayityon,दायित्यों,दायित्वों
darul,धारुल,दारूल
daav,दाव,दाव
daaw,दाव,दाव
dav,डीएवी,दाव
daw,डॉ,दाव
daah,दाह,दाह
dah,दह,दाह
dikhla,दिखला,दिखला
dikhlaa,दिखला,दिखला
dikhaaiye,दिखाइए,दिखाइये
dikhaiye,दिखाइए,दिखाइये
dikhaai,दिखाई,दिखाई
dikhai,दिखाई,दिखाई
dikhayi,दिखाई,दिखाई
dikhaaee,दिखाई,दिखाईं
dikhaai,दिखाई,दिखाईं
dikhaain,दिखाएं,दिखाईं
dikhaee,दिखाई,दिखाईं
dikhai,दिखाई,दिखाईं
dikhayin,दिखाएं,दिखाईं
dikhai,दिखाई,दिखायी
dikhayi,दिखाई,दिखायी
dikhaai,दिखाई,दिखार्इ
dikhae,दिखाए,दिखार्इ
dikhai,दिखाई,दिखार्इ
dikhayi,दिखाई,दिखार्इ
dita,दीता,दिता
ditaa,दीता,दिता
dinaank,दिनांक,दिनांक
dinank,दिनांक,दिनांक
dirham,दीरहम,दिरहम
dilaaye,दिलाए,दिलाये
dilaye,दिलाए,दिलाये
deewani,दीवानी,दिवानी
diwani,दीवानी,दिवानी
divy,दिव्य,दिव्य
divya,दिव्य,दिव्य
divyata,दिव्याता,दिव्यता
divya,दिव्य,दिव्या
deepan,दीपन,दीपन
deepn,डीप्न,दीपन
dipan,दीपन,दीपन
deepsingh,दीपसिंह,दीपसिंह
dipsingh,दिप्सिंघ,दीपसिंह
deepika,दीपिका,दीपिका
dipika,दीपिका,दीपिका
deeya,दीया,दीया
diya,दिया,दीया
dukaanon,दुकानों,दुकानों
dukanon,दुकानों,दुकानों
dukke,डुक्के,दुक्के
dukhan,दुखान,दुखन
dukhit,दुखित,दुखित
dukhiyon,दुखियों,दुखियों
dukhon,दुखों,दुखों
dubhashiyon,दुभाषियों,दुभाषियों
durgun,दुर्गुण,दुर्गुण
durghatna,दुर्घटना,दुर्घटना
durghtna,दुर्घटना,दुर्घटना
duneerti,दुनीरती,दुर्नीति
durniti,दूर्णीति,दुर्नीति
durbhiksh,दूरभीष,दुर्भिक्ष
duvidhaaen,दुविधाएं,दुविधाएं
duvidhaayein,दुविधाएं,दुविधाएं
duvidhaen,दुविधाएं,दुविधाएं
duwaidhaayein,दुवैधाएं,दुविधाएं
dune,दूने,दूने
doordarshan,दूरदर्शन,दूरदर्शन
durdarshan,दूरदर्शन,दूरदर्शन
dradh,द्रध,दृढ़
dridh,दृध,दृढ़
dekhoge,देखोगे,देखोगे
denevaali,देनेवाली,देनेवाली
denevali,देनेवाली,देनेवाली
denewaali,देनेवाली,देनेवाली
denewali,देनेवाली,देनेवाली
deonar,देयोनर,देवनार
devnaar,देवनार,देवनार
devnar,देवनार,देवनार
devaapur,देवापुर,देवापुर
devapur,देवापुर,देवापुर
devi,दैवी,देवी
devisingh,डेविसिंह,देवीसिंह
devisinh,देविसिंह,देवीसिंह
deshkaal,देशकाल,देशकाल
deshkal,देशकाल,देशकाल
deshke,देशके,देशके
desai,देसाई,देसाई
doge,डोगे,दोगे
dvadash,द्वदश,द्वादश
dwaadas,द्वादास,द्वादश
dvivedi,द्विवेदी,द्विवेदी
dwivedi,द्विवेदी,द्विवेदी
dhande,धंडे,धंधे
dhandhe,दंधे,धंधे
dhndhe,धंधे,धंधे
dhandhon,दंधों,धंधों
dhandon,धंडों,धंधों
dhakelte,धकेलते,धकेलते
dhkelate,ढकेलते,धकेलते
dhatana,ढाटना,धटना
dhatna,ढातना,धटना
dhankuber,धनकूबर,धनकुबेर
dhanadhany,धनाधन्य,धनधान्य
dhandhaanya,धनधान्य,धनधान्य
dhandhany,धनधान्य,धनधान्य
dhandhanya,धनधन्य,धनधान्य
dhamkaataa,धमकाता,धमकाता
dhamkata,धमकता,धमकाता
dhamm,धम्म,धम्म
dhamma,धम्मा,धम्मा
dhammaa,धम्मा,धम्मा
dharmnath,धर्मनाथ,धर्मनाथ
dharmraj,धरमराज,धर्मराज
dharmesh,धर्मेश,धर्मेश
dhasmaanaa,धस्माना,धस्माना
dhasmana,धस्माना,धस्माना
dhaak,ढाक,धाक
dhak,ढक,धाक
dhaaga,ढागा,धागा
dhaagaa,ढागा,धागा
dhaga,धगा,धागा
dhaatuein,धातुएं,धातुएं
dhaatuyein,धातुएं,धातुएं
dhtuen,ढ़तुएं,धातुएं
dhaarak,धारक,धारक
dharak,धारक,धारक
dhaari,धारी,धारी
dhari,धारी,धारी
dhuan,धुंआन,धुआं
dhunaai,धुनाई,धुनाई
dhunai,धुंई,धुनाई
dhuriya,धूरिया,धुरिया
dhuriyaa,धूरिया,धुरिया
dhuni,धुनी,धूनी
dhairyavaan,धैर्यवान,धैर्यवान
dhairyawan,धैर्यवान,धैर्यवान
dhiryavan,धीर्यावण,धैर्यवान
dhiryawaan,धीर्यवान,धैर्यवान
dhokebaaj,धोकेबाज,धोखेबाज
dhokebaaz,धोखेबाज,धोखेबाज
dhokebaj,धोकेबाज,धोखेबाज
dhokebaz,धोकेबाज,धोखेबाज
dhokhebaaj,धोखेबाज,धोखेबाज
dhokhebaj,धोखेबाज,धोखेबाज
dhona,ढोना,धोना
dhonaa,ढोना,धोना
dhoraaji,धोराजी,धोराजी
dhoraji,धोराजी,धोराजी
dhoron,धोरों,धोरों
dhyeyavaadi,ध्योवादी,ध्येयवादी
dhyeywadi,ध्येवयादी,ध्येयवादी
dyeyvadi,द्येवादी,ध्येयवादी
dhrupad,ध्रुपद,ध्रुपद
drupad,द्रुपद,ध्रुपद
nandanvan,नंदनवान,नंदनवन
nadsa,नदसा,नक्सल
naksal,नक्सल,नक्सल
naxal,न्क्यूल,नक्सल
naksalavaad,नक्सलावाद,नक्सलवाद
naksalwaad,नकसलवाद,नक्सलवाद
naksalwad,नकसलवाद,नक्सलवाद
naxalvaaad,नजालवाद,नक्सलवाद
naxalwaad,नजालवाद,नक्सलवाद
naksaliyon,नक्सालियों,नक्सलियों
naxaliyon,नजाबलियों,नक्सलियों
naksali,नकसाली,नक्सली
naxali,नज्सली,नक्सली
nagaada,नगाड़ा,नगाड़ा
nagaadaa,नगदा,नगाड़ा
nagaaraa,नगारा,नगाड़ा
nageene,नागीने,नगीने
nagine,नागीने,नगीने
najarandaaj,नजरअंदाज,नजरंदाज
najarandaaz,नजरअंदाज,नजरंदाज
nazarandaaj,नज़रंदाज,नजरंदाज
nazarandaaz,नज़रंदाज,नजरंदाज
nazarandaz,नज़रंदाज,नजरंदाज
najraane,नजराने,नजराने
nazraane,नज़राने,नजराने
najariyon,नज़ारियों,नजरियों
najriyon,नज़रियों,नजरियों
najron,नज़रों,नजरों
najeeb,नजीब,नजीब
najib,नजीब,नजीब
najibabaad,नजीबाबाद,नजीबाबाद
najibabad,नजीबाबाद,नजीबाबाद
najeem,नजीम,नजीम
najim,नाजिम,नजीम
nazeem,नजीम,नजीम
nana,नाना,नना
nanaa,नाना,नना
nna,न्ना,नना
nanhe,नन्हे,नन्हें
nanhein,नन्हें,नन्हें
nabj,नब्ज,नब्ज़
nabja,नब्जा,नब्ज़
nabz,नब्ज,नब्ज़
namkeen,नमकीन,नमकीन
namkin,नमकिन,नमकीन
narnaari,नरनारी,नरनारी
narnari,नर्नारी,नरनारी
narbhakshi,नर्भक्षी,नरभक्षी
naram,नाराम,नरम
narm,नर्म,नरम
narmi,नर्मि,नरमी
narsanhar,नारसंहार,नरसंहार
narsanharon,नरसंहारों,नरसंहारों
november,नॉवंबर,नवंबर
navketan,नवकेतन,नवकेतन
navjaagaran,नवजागरण,नवजागरण
navjagran,नवजाग्रण,नवजागरण
navdha,नवधा,नवधा
navvadhoo,नव्वाधू,नववधू
navvadhu,नव्वधु,नववधू
nava,नवा,नवा
navaa,नवा,नवा
navate,नवाते,नवाते
navanagar,नवानगर,नवानगर
nawanagar,नवानगर,नवानगर
navya,नव्य,नव्या
naseem,नसीम,नसीम
nasim,नासिम,नसीम
nights,नाइट्स,नाइट्रस
nitrous,नित्रौस,नाइट्रस
nineteez,निनेतीज,नाइनटीज
nineties,निनेटीज,नाइनटीज
ninties,निंटीज,नाइनटीज
nau,नौ,नाऊ
nauu,नौ,नाऊ
naakaam,नाकाम,नाकाम
nakam,नकाम,नाकाम
naagrik,नागरिक,नागारिक
nagarik,नागरिक,नागारिक
nagrik,नागरिक,नागारिक
nagin,नागीन,नागिन
nadep,नादेप,नाडेप
nanak,नानक,नानक
nanavati,नानावटी,नानावती
napane,नापने,नापने
napne,नापने,नापने
napa,नापा,नापा
naam,नाम,नाम
naamdhari,नामधारी,नामधारी
namdhari,नमधारी,नामधारी
namankano,नमंकानों,नामांकनों
namankanon,नमंकनों,नामांकनों
namavaliyon,नमावलियों,नामावलियों
naamo,नामो,नामो
namo,नमो,नामो
nayak,नायक,नायक
naraji,नाराजी,नाराजी
naraingarh,नराइनगढ़,नारायणगढ़
narayangadh,नारायणगढ़,नारायणगढ़
narayangarh,नारायणगढ़,नारायणगढ़
naasar,नासर,नासर
nahargadh,नहरगढ़,नाहरगढ
nahargarh,नहरगढ़,नाहरगढ
nikalegi,निकलेगी,निकलेगी
nikalogi,निकलोगी,निकलेगी
nikaalani,निकालनी,निकालनी
nikaalni,निकालनी,निकालनी
nikalani,निकलनी,निकालनी
nikalni,निकलनी,निकालनी
nicki,निकी,निकी
nicky,निकी,निकी
niki,निकी,निकी
niketan,निकेतन,निकेतन
nikhar,निखर,निखर
nikhari,निखारी,निखरी
nigar,निगार,निगर
nigger,निग्र,निगर
nichala,निचला,निचला
nichalaa,निचला,निचला
nichla,निचला,निचला
nitiyon,नीतियों,नितियों
nitya,नीत्य,नित्या
nityaa,नित्या,नित्या
nidhaan,निधान,निधान
nidhan,निधन,निधान
nipatara,निपटारा,निपटारा
niptaara,निपटारा,निपटारा
niptaaraa,निपटारा,निपटारा
niptara,निपटारा,निपटारा
niyanta,नियांता,नियंता
niyantaa,नियांता,नियंता
niya,निया,निया
niyaa,निया,निया
nirdeshika,निर्देशिका,निर्देशिका
nirdeshikaa,निर्देशिका,निर्देशिका
nirdhaarit,निर्धारित,निर्धारित
nirdharit,निर्धारित,निर्धारित
nirbaadh,निर्बाध,निर्बाध
nirbadh,निर्बाध,निर्बाध
niveshakartaa,निवेशकर्ता,निवेशकर्ता
niveshkarta,निवेशकर्ता,निवेशकर्ता
niveshkartaa,निवेषकर्ता,निवेशकर्ता
nischal,निस्चल,निश्चल
nishchal,निश्चल,निश्चल
nishnaat,निष्णात,निष्णात
nishpaap,निष्पाप,निष्पाप
nihalaani,निहालानी,निहलानी
nihlaani,निहलानी,निहलानी
nihlani,निहलानी,निहलानी
nihaalchand,निहालचंद,निहालचंद
nihalchand,निहालचंद,निहालचंद
neechaaee,नीचाई,नीचाई
nichaai,निचाई,नीचाई
neat,नीत,नीट
neet,नीत,नीट
neetiyon,नीतियों,नीतियों
nitiyon,नीतियों,नीतियों
neelagaay,नीलगाय,नीलगाय
nilgai,नीलगाई,नीलगाय
neelaabh,नीलाभ,नीलाभ
nilaabh,निलाभ,नीलाभ
nilabh,निलाभ,नीलाभ
nuskhe,नूष्खे,नुस्खे
noon,नून,नून
nun,नन,नून
noobiyaa,नूबिया,नूबिया
nubiya,नूबिया,नूबिया
nrityashaili,नृत्यशैली,नृत्यशैली
nrutyashaili,नृत्यशैली,नृत्यशैली
nrityon,नृत्यों,नृत्यों
nrutyon,नृत्यों,नृत्यों
neco,नेको,नेको
neko,नेको,नेको
nectar,नेक्टर,नेक्टर
neg,नेग,नेग
nega,नेगा,नेग
networking,नेटवर्किंग,नेटवर्किग
neto,नेटो,नेटो
neta,नेता,नेता
nemo,नेमो,नेमो
nelsan,नेल्सन,नेल्सन
nelson,नेल्सन,नेल्सन
nations,नेशनस,नेशंस
nehara,नेहरा,नेहरा
nehra,नेहरा,नेहरा
naino,नैनो,नैनो
nano,नानो,नैनो
naivedh,नैवेध,नैवेद्य
naivegh,नैवेघ,नैवेद्य
nevedya,नेवेद्या,नैवेद्य
nominate,नॉमिनेट,नॉमिनेट
naukari,नौकरी,नोकरी
naukri,नौकरी,नोकरी
nokari,नोकरी,नोकरी
nokri,नोकरी,नोकरी
notes,नोट्स,नोट्स
nora,नोरा,नोरा
nori,नोरी,नोरी
nauner,नौनर,नौनेर
nauvahan,नौवहन,नौवहन
naushad,नौषद,नौशाद
panchaang,पंचांग,पंचांग
panchang,पंचांग,पंचांग
punchang,पंचांग,पंचांग
punjab,पुंजब,पंजाब
punjabiyon,पुंजबियों,पंजाबियों
pantar,पंतर,पंटर
panter,पैंटर,पंटर
punter,पंटर,पंटर
pakaayein,पकाएं,पकाएं
pakaayen,पकाएं,पकाएं
pakaen,पकाएं,पकाएं
pakayen,पकाएं,पकाएं
pakaude,पकौड़े,पकौड़े
pakshapat,पक्षपात,पक्षपात
pakshpaat,पक्षपात,पक्षपात
pakshpat,पक्षपात,पक्षपात
pagabadha,पगबढ़ा,पगबाधा
pagbadha,पगबढ़ा,पगबाधा
pagalaa,पगला,पगला
pagla,पगला,पगला
pachaataa,पछाता,पचाता
pachata,पचाता,पचाता
patakkar,पटककर,पटककर
patkathaayein,पटकथाएं,पटकथाएं
patkathaein,पटकथाएं,पटकथाएं
patkathayen,पटकथाएं,पटकथाएं
patki,पटकी,पटकी
pataraani,पतरानी,पटरानी
patrani,पतरणी,पटरानी
patavaari,पतवारी,पटवारी
patwari,पतवारी,पटवारी
pataakshep,पताक्षेप,पटाक्षेप
patachep,पटचेप,पटाक्षेप
patakshep,पटक्षेप,पटाक्षेप
patiya,पटिया,पटिया
patiyaa,पटिया,पटिया
padaraunaa,पदरौना,पडरौना
padrauna,पद्रौना,पडरौना
padega,पदेगा,पड़ेगा
padegaa,पदेगा,पड़ेगा
padha,पढ़ा,पढ़ा
padhaa,पढ़ा,पढ़ा
padhaataa,पढ़ाता,पढ़ाता
padhata,पढ़ता,पढ़ाता
patili,पटिली,पतीली
padamawati,पदमावती,पदमावती
padmavati,पद्मावती,पदमावती
padmawati,पद्मावती,पदमावती
padadhikari,पदाधिकारी,पदाधिकारी
panapnaa,पनपना,पनपना
panpana,पंपना,पनपना
panaamaa,पनामा,पनामा
panama,पनामा,पनामा
paneer,पानीर,पनीर
pammi,पाम्मी,पम्मी
pammu,पाम्मू,पम्मी
pummi,पुम्मी,पम्मी
pummy,पम्मी,पम्मी
pardesiyon,परदेसियों,परदेसियों
pardesi,परदेसी,परदेसी
parva,पर्व,परवा
parvaa,परवा,परवा
parwa,परवा,परवा
parwaa,परवा,परवा
paraadheen,पराधीन,पराधीन
paraadhin,पराधीन,पराधीन
paradheen,पराधीन,पराधीन
paradhin,पराधीन,पराधीन
parikalpit,परिकल्पित,परिकल्पित
parimal,परिमाल,परिमल
parishad,परिशाद,परिषद
parishadiy,परिशादीय,परिषदीय
parishadiya,परिशादिया,परिषदीय
parishadon,परिशदों,परिषदों
parikhaen,परिखाएं,परीक्षाएं
parikshaayein,परीक्षाएं,परीक्षाएं
parikshaen,परीक्षाएं,परीक्षाएं
parosane,परोसने,परोसने
parosne,परोसने,परोसने
parda,पार्दा,पर्दा
pardaa,परदा,पर्दा
purple,पर्पल,पर्पल
palatne,पालतने,पलटने
paltane,पाल्टने,पलटने
palaari,पालारी,पलारी
palari,पालारी,पलारी
pale,पाले,पले
palmonari,पाल्मोनारी,पल्मोनरी
pulmonary,पुल्मोनरी,पल्मोनरी
plus,प्लूस,पल्स
pulse,पल्स,पल्स
pashtun,पष्टुन,पश्तून
pashtuun,पष्टुन,पश्तून
pahan,पाहन,पहन
pehan,पहन,पहन
pahantaa,पहनता,पहनता
pahnata,पहनाता,पहनता
pehnate,पहनते,पहनता
pahanate,पहनते,पहनते
pahante,पहांते,पहनते
pehnate,पहनते,पहनते
pahnaakar,पहनाकर,पहनाकर
pahnakar,पहनाकर,पहनाकर
pehnakar,पहनाकर,पहनाकर
pahnaati,पहनाती,पहनाती
pahnati,पहनाती,पहनाती
pehnati,पहनती,पहनाती
pahani,पहानी,पहनी
pahni,पहनी,पहनी
pehni,पहनी,पहनी
pahno,पहनो,पहनो
pehno,पहनो,पहनो
pahla,पहला,पहला
pahlaa,पहला,पहला
pehla,पहला,पहला
paheliyaan,पहेलियां,पहेलियां
paheliyan,पहेलियां,पहेलियां
paheliyon,पहेलियों,पहेलियों
pide,पाइड,पाइड
pied,पीड़,पाइड
pythagoras,पिथागोरस,पाइथागोरस
pythogaras,पिथोगरस,पाइथागोरस
paakhandi,पाखंडी,पाखंडी
pakhandi,पाखंडी,पाखंडी
paathshaalaayein,पाठशालाएं,पाठशालाएं
pathshalayein,पाठशालाएं,पाठशालाएं
pathshalayen,पाठशालाएं,पाठशालाएं
paathyakram,पाठयक्रम,पाठ्यक्रम
pathyakram,पाठयक्रम,पाठ्यक्रम
pathykram,पाठयक्रम,पाठ्यक्रम
paathyakramon,पाठयक्रमों,पाठ्यक्रमों
pathyakramon,पाठयक्रमों,पाठ्यक्रमों
pathykramon,पाठ्यक्रमोण,पाठ्यक्रमों
population,पॉपुलेशन,पापुलेशन
pailot,पैलोट,पायलट
pilot,पिलोट,पायलट
pailoton,पैलोटों,पायलटों
piloton,पिलोटों,पायलटों
paarampariktaa,पारंपारिकता,पारंपरिकता
paramparikata,परंपरिकता,पारंपरिकता
paramparikta,परंपारिक्त,पारंपरिकता
parnel,पर्नेल,पार्नेल
parnell,पर्नेल,पार्नेल
parleron,पार्लेरन,पार्लरों
parloron,पार्लोरों,पार्लरों
parlouron,पार्लोरों,पार्लरों
paarshad,पार्शाद,पार्षद
parshad,परशाद,पार्षद
paarshadon,पार्शदों,पार्षदों
parshadon,परशादों,पार्षदों
parshdon,पर्शदों,पार्षदों
policy,पुलिसी,पालिसी
pinta,पिंटा,पिंटा
pintaa,पिंटा,पिंटा
piega,पिएगा,पिएगा
piyegaa,पीयेगा,पिएगा
pic,पिक,पिक
pick,पिक,पिक
pik,पिक,पिक
piki,पीकी,पिकी
piky,पिकी,पिकी
picture,पिक्चर,पिक्चर
pigmentation,पिग्मेंटेशन,पिगमेंटेशन
pigs,पिग्स,पिग्स
pichde,पीछड़े,पिछड़े
pichhade,पिछड़े,पिछड़े
pijja,पिजजा,पिज्जा
pizza,पिज़्ज़ा,पिज्जा
pitaamaha,पीतामहा,पितामह
pitamah,पीटमाह,पितामह
pipra,पीप्र,पिपरा
pipraa,पिपरा,पिपरा
pipli,पिपली,पिपली
pearson,पर्सन,पियरसन
pierson,पियर्सन,पियरसन
peary,पेर्य,पियरी
piyari,पियरी,पियरी
pisaai,पिसाई,पिसाई
pisai,पिसाई,पिसाई
pihaani,पिहानी,पिहानी
pihani,पिहानी,पिहानी
pib,पिब,पीआईबी
pr,पीआर,पीआर
pml,पीएमएल,पीएमएल
pmo,प्मो,पीएमओ
pmch,पीएच,पीएमसीएच
psv,पीएसवी,पीएसवी
peaking,पीकिंग,पीकिंग
picking,पिकिंग,पीकिंग
peetne,पीटने,पीटने
pitne,पीटने,पीटने
pedia,पेड़िया,पीडिया
pidiya,पीढ़िया,पीडिया
pidiyaa,पीढ़िया,पीडिया
peelepan,पीलेपन,पीलेपन
pilepan,पिलेपन,पीलेपन
pv,पीवी,पीवी
pisa,पिसा,पीसा
putla,पुतला,पुतला
putlaa,पुतला,पुतला
putaliyaan,पुतालियां,पुतलियां
putliyan,पुतलियां,पुतलियां
putaliyon,पुतालियों,पुतलियों
putliyon,पुतलियों,पुतलियों
putali,पुतली,पुतली
putli,पुतली,पुतली
putale,पुतले,पुतले
putle,पुटले,पुतले
putin,पूटिन,पुतिन
putul,पुतुल,पुतुल
punargathan,पुनर्गठन,पुनर्गठन
puna,पुना,पुना
puraane,पूराने,पुराने
purane,पूराने,पुराने
puru,पुरु,पुरू
purjon,पूर्जों,पुर्जों
purzon,पूर्जों,पुर्जों
pulam,पुलाम,पुलम
pushkin,पुश्कीन,पुश्किन
pushkarana,पुष्करण,पुष्करणा
pushkarna,पुष्करणा,पुष्करणा
pushkarnaa,पुष्करणा,पुष्करणा
pushp,पुष्प,पुष्प
pushpa,पुष्प,पुष्प
pushpa,पुष्प,पुष्पा
pushpaa,पुष्पा,पुष्पा
pushpit,पुष्पित,पुष्पित
pushpon,पुष्पों,पुष्पों
poonjikaran,पूंजीकरण,पूंजीकरण
punjikaran,पुंजीकरण,पूंजीकरण
poojaapaath,पूजापाथ,पूजापाठ
poojapath,पूजपथ,पूजापाठ
pujapath,पूजपथ,पूजापाठ
pooranpur,पूरानपुर,पूरनपुर
puranpur,पुरानपुर,पूरनपुर
purvaabhaas,पूर्वभास,पूर्वाभास
purvaabhas,पूर्वाभास,पूर्वाभास
purvabhaas,पूर्वभास,पूर्वाभास
purvabhas,पूर्वभास,पूर्वाभास
pendulam,पेंदुलाम,पेंडुलम
pendulum,पेंडुल्यम,पेंडुलम
peg,पेग,पेग
pages,पेज्स,पेजेज
pajej,पजेज,पेजेज
pace,पैस,पेस
pes,पेस,पेस
pastry,पस्त्री,पेस्ट्री
pangolin,पंगोलीन,पैंगोलिन
pengolin,पेंगोलिन,पैंगोलिन
packard,पैकार्ड,पैकर्ड
package,पैकेज,पैकेज
packageon,फैकेजियों,पैकेजों
packagon,पैकागों,पैकेजों
packajon,पाकाजों,पैकेजों
paim,पैम,पैम
pam,पाम,पैम
paratrooper,पारत्रूपर,पैराट्रूपर
peratrupers,पैरत्रूपर्स,पैराट्रूपर
paranormal,परनोरमल,पैरानॉर्मल
peranormal,पर्नर्मल,पैरानॉर्मल
paraffin,परफीन,पैराफिन
parafin,पराफीन,पैराफिन
perafin,पेराफीन,पैराफिन
parabola,परबोला,पैराबोला
perabola,पैरबोला,पैराबोला
polimer,पॉलिमर,पॉलिमर
polymer,पॉलिमर,पॉलिमर
polishing,पालिशिंग,पॉलिशिंग
pokar,पोकार,पोकर
poker,पोकर,पोकर
polish,पालिश,पोलिश
poshit,पोशित,पोषित
posta,पोस्ता,पोस्ता
pau,पाऊं,पौ
pyade,प्यादे,प्यादे
prakriya,प्रक्रिय,प्रक्रिया
prakshepak,प्रक्षेपक,प्रक्षेपक
pratigya,प्रतिज्ञ,प्रतिज्ञा
prtigyaa,प्रतिज्ञा,प्रतिज्ञा
pratibhutiyan,प्रतिभूतियां,प्रतिभूतियां
pratiyon,प्रतियों,प्रतियों
prativaad,प्रतिवाद,प्रतिवाद
prativad,प्रतिवाद,प्रतिवाद
prativadi,प्रतिवादी,प्रतिवादी
pratishat,प्रतिष्ट,प्रतिशत
praneet,प्राणीत,प्रनीत
pranit,प्राणित,प्रनीत
prapaat,प्रपात,प्रपात
prapat,प्रपात,प्रपात
prapaaton,प्रपातों,प्रपातों
prapaton,प्रपतों,प्रपातों
prabodhini,प्रबोधिनी,प्रबोधिनी
prayaasrat,प्रयास्रत,प्रयासरत
prayasarat,प्रयसरत,प्रयासरत
pradarshan,प्रदर्शन,प्रर्दशन
prardashan,प्रद्राशन,प्रर्दशन
pravati,प्रावती,प्रवत्ति
pravatti,प्रवत्ती,प्रवत्ति
prashaasanik,प्रशासनिक,प्रशासनिक
prashasanik,प्रशासनिक,प्रशासनिक
prashasnik,प्रशास्निक,प्रशासनिक
prashaasanon,प्रशासनों,प्रशासनों
prashansanon,प्रशंसनों,प्रशासनों
prashasanon,प्रशासनों,प्रशासनों
prashikshu,प्रशिक्षु,प्रशिक्षु
prastaavon,प्रस्तावों,प्रस्तावों
prastavon,प्रस्तवों,प्रस्तावों
prahlaad,प्रह्लाद,प्रहलाद
prahlad,प्रह्लाद,प्रहलाद
prahasan,प्रहसान,प्रहसन
prahsan,प्रहसान,प्रहसन
prahaarak,प्रहारक,प्रहारक
praharak,प्रहरक,प्रहारक
prahad,प्रहाद,प्रह्लाद
prahlad,प्रह्लाद,प्रह्लाद
privacy,प्रिवेसी,प्राइवेसी
praakkathan,प्रक्कथन,प्राक्कथन
prakkathan,प्रक्थान,प्राक्कथन
praan,प्राण,प्राण
pran,प्राण,प्राण
pranon,प्रणों,प्राणों
prathamik,प्रथमिक,प्राथमिक
prathmik,प्राथमिक,प्राथमिक
praathmikata,प्राथमिकता,प्राथमिकता
prathmikta,प्राथमिकता,प्राथमिकता
prathmiki,प्राथमिकी,प्राथमिकी
pradhyapakon,प्राध्यापकों,प्राध्यापकों
prapt,प्राप्त,प्राप्त
prapta,प्रप्त,प्राप्त
prapti,प्राप्ति,प्राप्ती
praroop,प्ररूप,प्रारूप
prarup,प्ररूप,प्रारूप
priyamani,प्रियमानी,प्रियामणि
proof,प्रूफ,प्रूफ
pruf,प्रफ,प्रूफ
prekshakon,प्रेक्षकों,प्रेक्षकों
prem,प्रेम,प्रेम
premlata,प्रेमलता,प्रेमलता
prema,प्रेमा,प्रेमा
premi,प्रेमी,प्रेमी
profit,प्रोफिट,प्रॉफिट
processing,प्रोसेसिंग,प्रॉसेसिंग
programers,प्रोग्रामर्स,प्रोग्रामर्स
programmers,प्रोग्रामर्स,प्रोग्रामर्स
programs,प्रोग्रामस,प्रोग्रामर्स
proto,प्रोटो,प्रोटो
propellant,प्रोपलेंट,प्रोपेलेंट
propellent,प्रोपलेंट,प्रोपेलेंट
praudh,प्रौढ़,प्रौढ
proud,प्राउड,प्रौढ
plan,प्लैन,प्लेन
plane,प्लाने,प्लेन
fund,फूंड,फंड
funda,फुंडा,फंडा
funding,फंडिंग,फंडिंग
fandon,फांडों,फंदों
fagua,फागुआ,फगुआ
fatane,फटने,फटने
phatane,फटने,फटने
phatne,फटने,फटने
fadfadata,फड़फड़ता,फड़फड़ाता
phadphadata,फड़फड़ता,फड़फड़ाता
fatehgadh,फतेहगढ़,फतेहगढ़
fatehgarh,फतेहगढ़,फतेहगढ़
fabti,फाब्ती,फब्ती
phabti,फफ्ती,फब्ती
farse,फार्स,फरसे
pharase,फरासे,फरसे
pharse,फार्स,फरसे
farheen,फरहीन,फरहीन
farhin,फारहीन,फरहीन
farth,फार्थ,फर्थ
ferth,फेर्थ,फर्थ
pharth,फार्थ,फर्थ
farmion,फार्मियन,फर्मिऑन
fermion,फर्मियन,फर्मिऑन
firmian,फर्मियन,फर्मिऑन
farookhabad,फरुखाबाद,फर्रुखाबाद
farrukhabad,फरुखाबाद,फर्रुखाबाद
farukhabad,फरुखाबाद,फर्रुखाबाद
farookhnagar,फरुखनगर,फर्रूखनगर
farrukhnagar,फरुखनगर,फर्रूखनगर
farukhnagar,फरुखनगर,फर्रूखनगर
falata,फलता,फलता
falta,फलता,फलता
phalata,फलता,फलता
falne,फलने,फलने
phalne,फलने,फलने
falitarth,फलीतार्थ,फलितार्थ
phalitartha,फलीतार्थ,फलितार्थ
falibhoot,फलीभूत,फलीभूत
falibhut,फलीभूत,फलीभूत
phalibhoot,फलीभूत,फलीभूत
favvara,फव्वरा,फव्वारा
fawaara,फवारा,फव्वारा
favvare,फाववारे,फव्वारे
fawaare,फवारे,फव्वारे
favvaron,फाववरों,फव्वारों
fawaaron,फवारों,फव्वारों
faisala,फैसला,फ़ैसला
faisla,फैसला,फ़ैसला
follow,फोलो,फ़ॉलो
faansi,फांसी,फांसी
fansi,फांसी,फांसी
fatama,फटमा,फातमा
fatma,फटमा,फातमा
faaf,फाफ,फाफ
phaaph,फाफ,फाफ
farsi,फारसी,फारसी
forcee,फॉर्सी,फारसी
farm,फर्म,फार्म
form,फॉर्म,फार्म
farmic,फार्मिक,फार्मिक
formic,फॉर्मिक,फार्मिक
formulae,फॉर्मूलाई,फार्मूले
formule,फॉर्मूल,फार्मूले
formuley,फॉर्मूली,फार्मूले
pharmacy,फार्मेसी,फार्मेसी
pharma,फर्मा,फार्मों
pharmon,फर्मों,फार्मों
farms,फर्म्स,फार्म्स
finger,फिंगर,फिंगर
fikra,फीकरा,फिक्र
physician,फिजिसियन,फिजिशियन
firti,फर्ती,फिरती
fisla,फिसला,फिसला
fislaa,फिसला,फिसला
feeder,फीडर,फीडर
fulaaye,फुलाए,फुलाए
fulae,फूलाए,फुलाए
fulay,फुलाय,फुलाए
furti,फुर्ती,फूर्ति
phurti,फूर्ति,फूर्ति
fus,फस्स,फूस
phoos,फूस,फूस
phus,फूस,फूस
feka,फेका,फेका
fefada,फेफड़ा,फेफड़ा
fefda,फेफ्डा,फेफड़ा
facial,फैसियल,फेशियल
fact,फैक्ट,फैक्ट
federal,फेडरल,फैडरल
failkar,फैलकर,फैलकर
failaaiye,फैलाइये,फैलाइए
failaea,फैलाए,फैलाइए
failaiya,फैलाया,फैलाइए
failaiye,फैलाइए,फैलाइए
failegi,फैलेगी,फैलेगी
font,फॉन्ट,फॉन्ट
fogat,फोगत,फोगाट
phogat,फोगत,फोगाट
fod,फोड,फोड़
phod,फॉड,फोड़
foda,फोड़ा,फोड़ा
fodaa,फोड़ा,फोड़ा
phoda,फोडा,फोड़ा
fode,फोड,फोड़े
phode,फोड,फोड़े
fodo,फोडो,फोड़ों
fodon,फोड़ों,फोड़ों
phodo,फोडो,फोड़ों
fortis,फोर्टिस,फोर्टिस
fusion,फुशन,फ्यूजन
fuji,फुजी,फ्यूजी
fyuji,फ्यूजी,फ्यूजी
francisca,फ्रांसिस्का,फ्रांसिस्का
franciska,फ्रांसिस्क,फ्रांसिस्का
fransiska,फ्रांसिस्क,फ्रांसिस्का
francisco,फ्रैंसिस्को,फ्रांसिस्को
francisko,फ्रांसिस्को,फ्रांसिस्को
fransisko,फ्रांसिस्को,फ्रांसिस्को
fringe,फ्रिंगे,फ्रिंज
friendship,फ्रेंडशिप,फ्रेंडशिप
frost,फ्रोस्ट,फ्रॉस्ट
flin,फ्लिन,फ्लिन
flynn,फ्लिन,फ्लिन
flesh,फ्लैश,फ्लेश
bang,बंग,बंग
bung,बंग,बंग
bangbandhu,बंगबंधु,बंगबंधु
bangbhang,बंगभांग,बंगभंग
bangash,बंगाश,बंगश
bangsh,बंगश,बंगश
bantane,बांटने,बंटने
bantne,बंतने,बंटने
bandhati,बंधाती,बंधती
bandhti,बंधती,बंधती
bandhan,बंधन,बंधान
bandhuon,बंधुओं,बंधुओं
bamba,बांबा,बंबा
mumba,मुंबा,बंबा
bakaayon,बकायों,बकायों
bakayon,बकायों,बकायों
bakaul,बकौल,बकौल
bakoul,बकोल,बकौल
baksa,बकसा,बक्सा
baksi,बकसी,बक्सी
bakse,बकसे,बक्से
bakhshane,बख्शाने,बख्शने
bakhshne,बख्शने,बख्शने
bagad,बागड़,बगड़
bagd,बैग,बगड़
bageechi,बगीची,बगीची
bagichi,बागीची,बगीची
bachat,बचात,बचत
bachati,बचाती,बचती
bachti,बचती,बचती
bajana,बजना,बजना
bajrangi,बाजरंगी,बजरंगी
bajaj,बजाज,बजाज
batalvi,बतलवी,बटालवी
badhachadhakar,बढ़चधकर,बढ़ाचढ़ाकर
badata,बड़ता,बढ़ाता
badhaataa,बढ़ाता,बढ़ाता
badhata,बढ़ता,बढ़ाता
badhaati,बढ़ाती,बढ़ाती
badhati,बढ़ती,बढ़ाती
badhayi,बाधायी,बढ़ायी
badhav,बाधव,बढ़ाव
badhotari,बाधोतरी,बढ़ोतरी
badhotri,बाधोत्री,बढ़ोतरी
batlaae,बतलाए,बतलाए
batlaaye,बतलाए,बतलाए
batlae,बतलाए,बतलाए
batlaye,बतलाए,बतलाए
batlaakar,बतलाकर,बतलाकर
batlakar,बतलाकर,बतलाकर
badlapur,बदलापुर,बदलापुर
badali,बदली,बदली
badli,बदली,बदली
badam,बादाम,बदाम
banva,बनवा,बनवा
banvaa,बनवा,बनवा
banaam,बनाम,बनाम
banam,बनाम,बनाम
bnaam,बनाम,बनाम
baniya,बनिया,बनिया
banu,बनु,बनू
barpaayaa,बर्पाया,बरपाया
barpaya,बर्पाया,बरपाया
barsa,बरसा,बरसा
barsaata,बरसाता,बरसाता
barsaataa,बरसाता,बरसाता
barsata,बरसता,बरसाता
barhad,बारहाद,बरहद
baraat,बारात,बरात
barat,बारत,बरात
braat,ब्रात,बरात
baraamad,बरामद,बरामद
baramad,बरामद,बरामद
bramad,ब्रमद,बरामद
baramade,बरामदे,बरामदे
baramde,बरांडे,बरामदे
bare,बारे,बरे
birth,बीर्थ,बर्थ
baljeet,बलजीत,बलजीत
baljit,बलजीत,बलजीत
ballabh,बल्लभ,बल्लभ
balla,बल्ला,बल्ला
balli,बल्ली,बल्ली
basava,बसव,बसावा
bastiyon,बस्तियों,बस्तियों
bahroopiya,बहरूपीय,बहरूपिया
bahrupiya,बहरूपीय,बहरूपिया
bahamaas,बहमास,बहामास
bahamas,बहमस,बहामास
bahaav,बहाव,बहाव
bahav,बहव,बहाव
bhav,भव,बहाव
bahavalpur,बहावलपुर,बहावलपुर
bahawalpur,बहावलपुर,बहावलपुर
bahuchara,बहुचारा,बहुचरा
banthia,बंथिया,बांठिया
banthiya,बंथिया,बांठिया
bandhate,बंधाते,बांधते
bandhte,बंधते,बांधते
banbi,बांबी,बांबी
bombi,बॉंबी,बांबी
bounceron,बाउंसरों,बाउंसरों
bowling,बोलिंग,बाउलिंग
baku,बाकू,बाकू
bakuu,बकुऊ,बाकू
baag,बाग,बाग
bag,बैग,बाग
bagh,बाघ,बाग
bagabani,बागबनी,बागबानी
bagbani,बागबनी,बागबानी
bagali,बगली,बागली
bagli,बागली,बागली
baagiyon,बागियों,बागियों
bagiyon,बागियों,बागियों
baago,बागो,बागो
bago,बागो,बागो
baji,बाजी,बाज़ी
bazi,बाजी,बाज़ी
bajaru,बाजारू,बाजारू
bazaru,बाजारू,बाजारू
bajuon,बाजुओं,बाजुओं
badh,बढ़,बाध
badha,बढ़ा,बाधा
baadhaaon,बाधाओं,बाधाओं
baadhaon,बाधाओं,बाधाओं
badhaaon,बढ़ाओं,बाधाओं
badhaon,बढ़ाओं,बाधाओं
baadhit,बाधित,बाधित
badhit,बढ़ित,बाधित
baani,बानी,बानी
bani,बनी,बानी
baapa,बापा,बापा
baapaa,बापा,बापा
bapa,बापा,बापा
bapaa,बापा,बापा
baabat,बाबत,बाबत
babat,बाबत,बाबत
babt,बब्त,बाबत
bayern,बेयर्न,बायर्न
byrun,बिरन,बायर्न
barah,बाराह,बारह
baarahamaasee,बारहमासी,बारहमासी
barahamasi,बारहमासी,बारहमासी
barahmasi,बारहमासी,बारहमासी
barahsinga,बारहसिंगा,बारहसिंगा
barasingha,बारसिंघ,बारहसिंगा
bala,बाला,बाला
baalti,बालती,बाल्टी
balti,बाल्टी,बाल्टी
balty,बाल्टी,बाल्टी
baldvin,बाल्द्विन,बाल्डविन
baldwin,बाल्द्विन,बाल्डविन
bavaji,बावजी,बावजी
bavji,बावजी,बावजी
baawaraa,बावरा,बावरा
bavra,बावरा,बावरा
bawara,बावरा,बावरा
baahulya,बाहुल्य,बाहुल्य
bahuly,बहुल्य,बाहुल्य
bahulya,बहुल्य,बाहुल्य
box,बॉक्स,बाॅक्स
bikherati,बिखेरती,बिखेरती
bikherti,बिखेरती,बिखेरती
biggest,बिग्सेट्ट,बिगेस्ट
bichhua,बिछुआ,बिछुआ
bichhuaa,बिछुआ,बिछुआ
biji,बीजी,बिजी
busy,बेसी,बिजी
buzy,बुज्य,बिजी
bipin,बीपीन,बिपिन
bilae,बिलाए,बिलाई
bilai,बिलाई,बिलाई
billa,बिल्ला,बिल्ला
billaa,बिल्ला,बिल्ला
bilhaur,बिल्हौर,बिल्हौर
bisva,बिस्व,बिस्वा
biswa,बिस्व,बिस्वा
bag,बैग,बीएजी
bikaner,बिकनेर,बीकानेर
bikaneri,बिकनेरी,बीकानेरी
bk,बीके,बीके
beejak,बीजक,बीजक
bijak,बीजक,बीजक
beef,बीफ,बीफ
beem,बीम,बीम
bim,बिम,बीम
beemon,बीमों,बीमों
bimon,बीमोन,बीमों
beerganj,बीरगंज,बीरगंज
birganj,बीरगंज,बीरगंज
beesavaan,बीसवां,बीसवां
bisavan,बीसवन,बीसवां
bisawan,बीसवन,बीसवां
beast,बीस्ट,बीस्ट
budvig,बुडविग,बुडविग
budwig,बुडविग,बुडविग
bull,बुल,बुल
bulaao,बुलाओ,बुलाओ
bulao,बुलाओ,बुलाओ
bule,बुले,बुले
bulletin,बुलेटिन,बुलेटिन
brijesh,ब्रिजेश,बृजेश
benvar,बेनवार,बेंवर
benwar,बेनवार,बेंवर
beaulad,बेयूलाद,बेऔलाद
bekaaboo,बेकाबू,बेकाबू
bekabu,बेकाबू,बेकाबू
bechakar,बेचाकर,बेचकर
bechkar,बेचकर,बेचकर
bechate,बेचते,बेचते
bechte,बेचते,बेचते
bediyan,बेड़ियां,बेड़ियां
bethanal,बेथनल,बेथनल
bethnal,बेथनल,बेथनल
benis,बेनिस,बेनिस
belacha,बेलचा,बेलचा
belcha,बेलचा,बेलचा
belinda,बेलिंदा,बेलिंडा
bevkufana,बेवकूफाना,बेवकूफाना
bewakoofaanaa,बेवकूफाना,बेवकूफाना
bewkufana,बेकाफुफाना,बेवकूफाना
besahaaraa,बेसहरा,बेसहारा
besahara,बेसहरा,बेसहारा
basin,बेसिन,बेसिन
besin,बेसिन,बेसिन
basil,बसील,बेसिल
besil,बेसिल,बेसिल
bandage,बंदागे,बैंडेज
bandej,बंदेज,बैंडेज
baithantey,बैठांते,बैठते
baithate,बैठते,बैठते
baitool,बैटूल,बैतूल
baitul,बैटल,बैतूल
betul,बेतुल,बैतूल
baini,बैनी,बैनी
beni,बेनी,बैनी
bairakpur,बैराकपुर,बैरकपुर
barrackpore,बर्कपोर,बैरकपुर
baila,बैला,बैला
bella,बेल्ला,बैला
ballistic,बॉलिस्टिक,बैलिस्टिक
bells,बेल्स,बैल्स
bostan,बोस्तान,बॉस्टन
bosten,बोस्टन,बॉस्टन
boston,बोस्टन,बॉस्टन
bokaro,बोकरो,बोकारो
bodara,बोदरा,बोदरा
bodra,बोद्रा,बोदरा
bodraa,बोदरा,बोदरा
bona,बोना,बोना
borkar,बोरकर,बोरकर
borivali,बोरीवाली,बोरीवली
boriwali,बोरीवाली,बोरीवली
born,बॉर्न,बोर्न
bolane,बोलने,बोलने
boliae,बोलिय,बोलिए
boliy,बोलीय,बोलिए
boliye,बोलीय,बोलिए
bosaan,बोसान,बोसान
bosan,बोसन,बोसान
bauni,बौनी,बौनी
bouni,बौनी,बौनी
byaawa,ब्याव,ब्यावर
byavar,ब्यावर,ब्यावर
brajesh,ब्रजेश,ब्रजेश
brijesh,ब्रिजेश,ब्रजेश
brahmalin,ब्रह्मालीन,ब्रह्मलीन
brahmleen,ब्रह्मलीन,ब्रह्मलीन
brahmlin,ब्राह्मलीन,ब्रह्मलीन
bravo,ब्रेवो,ब्रावो
brigatn,ब्रीगतन,ब्रिगटन
brighton,ब्राइटन,ब्रिगटन
brigton,ब्रिगटन,ब्रिगटन
brigadier,ब्रिगड़ियर,ब्रिगेडियर
britain,ब्राइटन,ब्रिटेन
breed,ब्रीड,ब्रीद
brock,ब्रॉक,ब्रोक
brok,ब्रॉक,ब्रोक
broke,ब्रॉक,ब्रोक
brocken,ब्रॉकन,ब्रोकन
broken,ब्रोकें,ब्रोकन
blosam,ब्लोजैम,ब्लॉसम
blossom,ब्लॉसॉम,ब्लॉसम
bhagaane,भगाने,भगाने
bhagane,भगने,भगाने
bhadakaaya,भड़काया,भड़काया
bhadakaya,भड़काया,भड़काया
bhadkaayaa,भड़काया,भड़काया
bhadkaya,भड़काया,भड़काया
bharakaaya,भरकाया,भड़काया
bharakaya,भड़काया,भड़काया
bhabhoot,भाभूत,भभूत
bhabhut,भाहुत,भभूत
bhay,भय,भय
bhaya,भाया,भय
bhayo,भयो,भयो
bharatanatyam,भारतनाट्यम,भरतनाट्यम्
bharatnatyam,भारतनाट्यम,भरतनाट्यम्
bhartnatyam,भार्तनाट्यम,भरतनाट्यम्
bharate,भरते,भरते
bharte,भर्ते,भरते
bharani,भरनी,भरनी
bharni,भरनी,भरनी
bharane,भरने,भरने
bharne,भरने,भरने
bhara,भरा,भरा
bhavishya,भाविष्य,भविष्य
bhaate,भाते,भाते
bhate,भाते,भाते
bhanu,भानु,भानू
bhabar,भाबर,भाबर
bhareeye,भरीय,भारीय
bhariy,भारीय,भारीय
bhavanaon,भवनों,भावनाओं
bhavnaon,भावनाओं,भावनाओं
bhaskar,भास्कर,भास्कर
bheed,भीड,भीड़
bheera,भीरा,भीरा
bhira,भीरा,भीरा
bheesham,भीषम,भीष्म
bhisham,भिक्षम,भीष्म
bhishm,भिक्ष,भीष्म
bhugat,भूगत,भुगत
bhugata,भुगता,भुगता
bhugta,भुगता,भुगता
bhutto,भूट्टो,भुट्टो
bhumi,भूमि,भुमि
bhurbhura,भुरभुरा,भुरभुरा
bhookh,भुख,भूख
bhukh,भुख,भूख
bhookhi,भूखी,भूखी
bhukhi,भुखी,भूखी
bhoogol,भूगोल,भूगोल
bhugol,भुगोल,भूगोल
bhootal,भूताल,भूतल
bhutal,भुताल,भूतल
bhoopsingh,भूपसिंह,भूपसिंह
bhupsingh,भुपसिंह,भूपसिंह
bhumi,भूमि,भूमी
bhumika,भूमिका,भूमी
bhulata,भुलता,भूलता
bhulataa,भुलता,भूलता
bhulta,भुलता,भूलता
bhula,भुला,भूला
bhulaa,भुला,भूला
bhooli,भूली,भूली
bhuli,भुली,भूली
bhulo,भूलो,भूलो
bhulon,भूलों,भूलों
bhusi,भुसी,भूसी
bhooswaami,भूस्वामी,भूस्वामी
bhusvami,भुस्वामी,भूस्वामी
bhuswami,भुस्वामी,भूस्वामी
bhengapan,भेंगपन,भेंगापन
bhairavnath,भैरावनाथ,भैरवनाथ
bhairo,भैरो,भैरो
bhogatey,भोगते,भोगते
bhogte,भोगते,भोगते
bhola,भोला,भोला
bholi,भोली,भोली
bholu,भोलू,भोलू
bhaunho,भौन्हों,भौंहों
bhaunhon,भौन्हों,भौंहों
bhoonhon,भूनों,भौंहों
bhraant,भ्रांत,भ्रांत
bhrant,भ्रांत,भ्रांत
brant,ब्रांत,भ्रांत
bhraanti,भ्रांती,भ्रांति
bhranti,भ्रांति,भ्रांति
branti,ब्रांती,भ्रांति
bhraantiyan,भ्रांतियां,भ्रांतियां
bhrantiyan,भ्रांतियां,भ्रांतियां
bhraantiyon,भ्रांतियों,भ्रांतियों
bhrantiyon,भ्रांतियों,भ्रांतियों
mangesh,मंगेश,मंगेश
manch,मांच,मंच
manchit,मानचित,मंचित
mancheeye,मानचीय,मंचीय
manchiy,मानचीय,मंचीय
manchiya,मानचीय,मंचीय
manchon,मांचों,मंचों
manjil,मानजील,मंजिल
manzil,मनजील,मंजिल
manjila,मंजीला,मंजिला
manzila,मंजीला,मंजिला
manjilein,मंजीलें,मंजिलें
manjilen,मंजीलें,मंजिलें
manzilein,मंजीलें,मंजिलें
manto,मंटो,मंटो
mantriyon,मंत्रियों,मंत्रियों
makrani,मकरानी,मकरानी
maksad,मकसद,मक्सद
makhdumpur,मखदुमपुर,मखदुमपुर
machaaye,मचाये,मचाए
machae,मचाई,मचाए
machaye,मचाये,मचाए
machaanon,मचानों,मचानों
machanno,मचान्नो,मचानों
machano,मचानो,मचानों
machanon,मचानों,मचानों
madaura,मदौरा,मढ़ौरा
madhuara,माधुआरा,मढ़ौरा
madhura,मधुरा,मढ़ौरा
manipal,मनिपाल,मणिपाल
matpatron,मतपत्रों,मतपत्रों
matthe,मट्ठे,मत्थे
matsyavatar,मत्स्यावतार,मत्स्यावतार
matsyavtar,मत्स्यावतार,मत्स्यावतार
masyendranath,मास्येंद्रनाथ,मत्स्येंद्रनाथ
matsyendranath,मत्स्यंद्रनाथ,मत्स्येंद्रनाथ
madhupur,माधुपुर,मधुपुर
manmarji,मनमर्जी,मनमर्जी
manae,मनाई,मनाए
manaye,मनाये,मनाए
mnaey,मनाए,मनाए
mam,माम,मम
mum,मूम,मम
maryokar,मार्योकार,मयोर्का
mayorka,मयोरका,मयोर्का
mayorkaa,मयोरका,मयोर्का
mardaani,मर्दानी,मरदानी
mardani,मर्दानी,मरदानी
marmar,मरमार,मरमर
murmur,मुरमूर,मरमर
maratha,मराठा,मराठा
marathi,मारथी,मराठी
marji,मर्जी,मर्जी
mardanagi,मर्दानगी,मर्दानगी
mardangi,मारदंगी,मर्दानगी
mardo,मार्डो,मर्दों
mardon,मार्दों,मर्दों
maryaadaa,मर्यादा,मर्यादा
maryada,मर्यादा,मर्यादा
maryaadaaon,मर्यादाओं,मर्यादाओं
maryadaon,मार्यादाओं,मर्यादाओं
malaga,मलगा,मलागा
malaar,मलार,मलार
malar,मलर,मलार
mashrak,मशहक,मशरक
masaaledaar,मसालेदार,मसालेदार
masaledaar,मसलेदार,मसालेदार
masaledar,मसलेदार,मसालेदार
masoor,मसूर,मसूर
masur,मसूर,मसूर
masse,मस्से,मस्से
mahakane,महकने,महकने
mahakne,महकने,महकने
mahkane,महकाने,महकने
mehkane,महकने,महकने
mahalon,महालों,महलों
mahlon,महलों,महलों
mahagranth,महाग्रांत,महाग्रंथ
mhagranth,महाग्रांठ,महाग्रंथ
mahajan,महाजन,महाजन
mhajan,महाजन,महाजन
mahathir,महाथिर,महाथिर
mhathir,महाथिर,महाथिर
mahanatam,महानतम,महानतम
mahantam,महांतम,महानतम
mhantam,महांतम,महानतम
mahanideshak,महानिदेशक,महानिदेशक
mahanirdeshak,महानिर्देशक,महानिदेशक
mhanideshak,महानिदेशक,महानिदेशक
mahapauron,महापूरों,महापौरों
mhapauron,महापौरों,महापौरों
mahapran,महाप्रण,महाप्राण
mhapran,महापरण,महाप्राण
mahamantr,महामंत्र,महामंत्र
mahamantra,महामंत्र,महामंत्र
mhamantra,महामंत्र,महामंत्र
maharaja,महराजा,महाराजा
mahavigyan,महाविज्ञान,महाविज्ञान
mhavidyan,महाविद्यान,महाविज्ञान
mahavidya,महाविद्या,महाविद्या
mhavidya,महाविद्या,महाविद्या
mahavishnu,महाविष्णु,महाविष्णु
mahasingh,महासिंह,महासिंह
mahasinh,महासिंह,महासिंह
mahipal,महिपाल,महिपाल
mahin,महीं,महीन
mahinon,महिनों,महीनों
maang,मांग,मांग
mang,मांग,मांग
mangani,मंगानी,मांगनी
mangni,मांगनी,मांगनी
maanga,मांगा,मांगा
manga,मंगा,मांगा
maangi,मांगी,मांगी
mangi,मंगी,मांगी
maange,मांगे,मांगे
mange,मागे,मांगे
mango,मंगो,मांगो
maori,मौरी,माओरी
maajin,माजीन,माजिन
majin,मजीन,माजिन
mathe,मठे,माथे
mathey,मथे,माथे
maap,माप,माप
map,मैप,माप
mop,मॉप,माप
mamooli,ममूली,मामूली
mamuli,मामूली,मामूली
mame,मैम,मामे
maarvaad,मारवाद,मारवाड़
marvad,मरवाद,मारवाड़
marwar,मारवार,मारवाड़
maariya,मारिया,मारिया
mariya,मरिया,मारिया
maariyo,मारियो,मारियो
mario,मैरियो,मारियो
mariyo,मरियो,मारियो
martha,मार्थ,मार्था
maalish,मालिश,मालिश
malish,मालिश,मालिश
mave,मावे,मावे
mavey,मावे,मावे
maas,मांस,मास
mas,मॉस,मास
mass,मॉस,मास
maason,मासों,मासों
mason,मसों,मासों
mitaao,मिटाओ,मिटाओ
mitao,मिटाओ,मिटाओ
mithaai,मिथाई,मिठाई
mithai,मिथाई,मिठाई
media,मेडिया,मिडिया
mithila,मिथिला,मिथिला
mithilanchal,मिथिलांचल,मिथिलांचल
mithya,मिथया,मिथ्या
mimicry,माइमिक्री,मिमिक्री
milkiyat,मिलकियत,मिल्कियत
misha,मिशा,मिशा
mungeri,मंगेरी,मुंगेरी
mundva,मंडवा,मुंडवा
mundwa,मुंडवा,मुंडवा
munshiganj,मुंशीगंज,मुंशीगंज
mukarte,मुकारते,मुकरते
mukartey,मुकारते,मुकरते
mukhopadhyaya,मुखोपाध्याय,मुखोपाध्याय
mukhyopadhyaay,मुख्योपाध्याय्याय,मुखोपाध्याय
mukhyamantri,मुख्यमंत्री,मुख्यमंत्री
munaf,मुनफ,मुनाफ
munafa,मुनफा,मुनाफा
munnu,मुन्नू,मुन्नू
mufalisi,मुफालीसी,मुफलिसी
muflisi,मुफलीसी,मुफलिसी
mubarakpur,मुबरकपुर,मुबारकपुर
mubarkpur,मुबारकपुर,मुबारकपुर
murjha,मुरझा,मुर्झा
multae,मुल्ताई,मुल्ताई
multai,मुल्टाई,मुल्ताई
mushahid,मुशाहिद,मुशाहिद
muhavare,मुहावरे,मुहावरे
muhavre,मुहावरे,मुहावरे
mooth,मूठ,मूठ
muth,मूठ,मूठ
mood,मूद,मूड
mud,मुद,मूड
moodi,मूढ़ी,मूडी
moody,मूद्य,मूडी
mool,मूल,मूल
mul,मुल,मूल
moolchand,मूलचंद,मूलचंद
mulchand,मूलचंद,मूलचंद
moolar,मूलर,मूलर
mular,मूलर,मूलर
muller,मुलर,मूलर
moolon,मूलों,मूलों
mulon,मूलों,मूलों
maxico,मैक्सिको,मेक्सिको
mexico,मैक्सिको,मेक्सिको
mega,मेगा,मेगा
megapixal,मेगापिक्ल,मेगापिक्सल
megapixel,मेगेपिक्सल,मेगापिक्सल
mejbaan,मेजबान,मेजबान
mejban,मेज़बान,मेजबान
mezbaan,मेजबान,मेजबान
mejabani,मेजबनी,मेजबानी
mejbaani,मेजबानी,मेजबानी
mejbani,मेज़बानी,मेजबानी
mezabani,मेजबानी,मेजबानी
mejbaan,मेजबान,मेज़बान
mejban,मेज़बान,मेज़बान
mezbaan,मेजबान,मेज़बान
mejbaani,मेजबानी,मेज़बानी
mejbani,मेज़बानी,मेज़बानी
mezbaani,मेजबानी,मेज़बानी
mate,मैट,मेट
met,मेट,मेट
mates,मैट्स,मेट्स
medical,मेडिकल,मेडीकल
methanol,मेथनॉल,मेथेनॉल
menu,मेनू,मेनू
mem,में,मेम
melaghaat,मेल्लाघात,मेलघाट
melghat,मेलघाट,मेलघाट
melaanin,मेलानिन,मेलानिन
melanin,मेलेनिन,मेलानिन
melaani,मेललानी,मेलानी
melani,मेलानी,मेलानी
maheman,महेमान,मेहमान
mehamaan,मेहमान,मेहमान
mehaman,मेहमान,मेहमान
mehmaan,मेहमान,मेहमान
mehman,मेहमान,मेहमान
meharaam,मेहराम,मेहराम
mehram,मेहराम,मेहराम
macbook,मैकबूक,मैकबुक
matix,मैटिक्स,मैट्रिक्स
matrix,मैट्रिक्स,मैट्रिक्स
mad,माड,मैड
made,मेड,मैड
maid,मैठ,मैड
maddy,मद्द्य,मैडी
maidi,मैदी,मैडी
main,माइन,मैन
man,मण,मैन
men,मेन,मैन
mainan,मैनन,मैनन
menon,मेनों,मैनन
manner,मैनर,मैनर
maina,मैना,मैना
maine,मैने,मैने
marrej,मारेज,मैरेज
marriage,मैरिज,मैरेज
merraige,मैरेज,मैरेज
maisachusets,मैसाचुसेट्स,मैसाचुसेट्स
massachusetts,मैसाचुसूसेट्स,मैसाचुसेट्स
maisor,मैसर,मैसोर
maisore,मैसोर,मैसोर
mysore,मैसोर,मैसोर
mod,मोड़,मॉड
mode,मोड़,मॉड
modern,मॉडर्न,मॉडर्न
module,मोडुल,मॉड्यूल
modules,मॉडल्स,मॉड्यूल्स
modyuls,मोड़यूल्स,मॉड्यूल्स
mauritious,मॉरीशियस,मॉरिशस
mauritius,मॉरीशसू,मॉरिशस
mogali,मोगली,मोगली
mowgli,मोलगली,मोगली
motive,मोटिव,मोटिव
mol,मोल,मोल
mold,मोल्ड,मोल्ड
moshe,मोशे,मोशे
mosad,मोसद,मोसाद
mohana,मोहना,मोहाना
mohani,मोहनी,मोहानी
mohini,मोहिनी,मोहिनी
mohim,मोहिम,मोहिम
maukon,मौकोण,मौकों
mauma,मौमा,मौमा
maurya,मौर्या,मौर्या
morya,मोरया,मौर्या
maurya,मौर्या,मौर्यों
mauryon,मौरियों,मौर्यों
moryon,मोरियों,मौर्यों
maulaviyon,मौलवियों,मौलवियों
maulvidon,मौलविदों,मौलवियों
maulviyon,मौलवियों,मौलवियों
maule,मॉल,मौले
mauley,मॉले,मौले
mausa,मौसा,मौसा
yatn,यटन,यत्न
yatna,यटना,यत्न
yada,यादा,यदा
yda,यादा,यदा
yaduvansh,यादुवंश,यदुवंश
yaduwansh,यादुवंश,यदुवंश
jerusalem,जेरुसलेम,यरूशलेम
yarooshaleim,यरूशालेम,यरूशलेम
yarushalem,यारुश्लेम,यरूशलेम
yashpaal,यशपाल,यशपाल
yashpal,यशपाल,यशपाल
yaatna,याटना,यातना
yatna,यटना,यातना
yaatanaon,याटनाओं,यातनाओं
yatnaon,यटनाओं,यातनाओं
yarayan,यारायण,यात्राएं
yatraein,यात्राएं,यात्राएं
yatraen,यात्राएं,यात्राएं
yaariyan,यारियां,यारियां
yariyan,यारियन,यारियां
yaari,यारी,यारी
yari,यारी,यारी
yugam,युगाम,युग्म
yugm,युग्म,युग्म
yuddhrat,युद्धृत,युद्धरत
yudhrat,युद्धृत,युद्धरत
ukrainian,यूक्रेनियन,यूक्रेनियन
ukranian,उक्रानियाँ,यूक्रेनियन
jerusalem,जेरुसलेम,येरुशलम
yorker,योर्कर,यॉर्कर
yojanaein,योजनाएं,योजनाएं
yojanaen,योजनाएं,योजनाएं
yojanaye,योजनाए,योजनाएं
rangate,रंगते,रंगते
rangte,रांगते,रंगते
rangkata,रंगकता,रंजकता
ranjkatha,रांजठा,रंजकता
ranjkta,रणजता,रंजकता
raees,रायस,रईस
rais,रायस,रईस
raktaabh,रक्ताभ,रक्ताभ
raktabh,रक्तभ,रक्ताभ
rakhna,रखना,रखना
raghupati,रघुपति,रघुपति
raghuram,रघुराम,रघुराम
registerd,रजिस्टर्ड,रजिस्टर्ड
registered,रजिस्टीड,रजिस्टर्ड
ratanpur,रतनपुर,रतनपुर
runners,रनर्स,रनर्स
rayan,रायन,रयान
ryan,र्यान,रयान
ralhan,राल्हन,रल्हन
ravish,रवीष,रविश
ravael,रवाइल,रवैल
ravel,रावेल,रवैल
rawail,रावैल,रवैल
rasad,रसड,रसद
rasaayanik,रसायानिक,रसायनिक
rasaayanika,रसायनिक,रसायनिक
rasayanika,रसायानिका,रसायनिक
rasyanik,रास्यानिक,रसायनिक
rasaayanon,रसायनों,रसायनों
rasayanon,रसायनों,रसायनों
rahamat,राहमत,रहमत
rahmat,रहमत,रहमत
rhamat,रहमत,रहमत
rahenge,रहेंगे,रहेंगे
rahegi,राहेगी,रहेगी
rounder,रंडर,राउंडर
raak,रक,राक
rak,रक,राक
raakhe,रखे,राखे
rakhe,रखे,राखे
raagon,रगों,रागों
ragon,रगों,रागों
raghavan,रघवन,राघवन
raaj,राज,राज
raj,राज,राज
rajkot,राजकोट,राजकोट
rajtantra,राजतंत्र,राजतंत्र
raajneetikaran,राजनीतिकरण,राजनीतीकरण
rajneetikaran,राजनीतिकरण,राजनीतीकरण
rajnitikaran,राजनीतिकरण,राजनीतीकरण
rajma,राजमा,राजमां
rajman,राजमान,राजमां
raajasva,राजस्व,राजस्व
rajasva,रजस्व,राजस्व
raaji,राजी,राजी
raji,राजी,राजी
rajinaama,रजीनामा,राजीनामा
rajinama,राजीनामा,राजीनामा
raajon,राजों,राजों
rajon,राजों,राजों
rana,राना,राणा
raatrichar,रातृचार,रात्रिचर
ratrichar,रातृचार,रात्रिचर
raadhe,राढ़े,राधे
radhe,राधे,राधे
ranapur,रणापुर,रानापुर
rabin,रेबिन,राबिन
robin,रॉबिन,राबिन
rabha,रभा,राभा
ramkot,रामकोट,रामकोट
ramkote,रामकोटे,रामकोट
ramtek,रामतेक,रामटेक
rampur,रामपुर,रामपुर
rambharose,रामभरोसे,रामभरोसे
rambharosey,रामभरोसे,रामभरोसे
ramraj,रामराज,रामराज
raalod,रालोड,रालोद
ralaud,रालौद,रालोद
ralod,रालोद,रालोद
ravaley,रावले,रावले
ravle,रावले,रावले
rasayanik,रसायानिक,रासायनिक
racreation,राक्रीशन,रिक्रिएशन
recreation,रेक्रिएशन,रिक्रिएशन
rig,रिग,रिग
riggs,रिग्स,रिग्स
rigs,रिग्स,रिग्स
richual,रिचुएल,रिचुअल
ritual,ऋतुआल,रिचुअल
reduction,रेडक्शन,रिडक्शन
ripan,रिपान,रिपन
ripon,रिपों,रिपन
ria,रिया,रिया
riya,रिया,रिया
rishte,रिश्ते,रिश्ते
rishtey,रिश्ते,रिश्ते
risane,रिसने,रिसने
risaney,रिसने,रिसने
risne,रिसने,रिसने
rihana,रिहाना,रिहाना
rihanna,रिहानना,रिहाना
regal,रेगल,रीगल
rigal,रिगल,रीगल
reasonal,रियोनल,रीजनल
regional,रेजियल,रीजनल
retreate,रित्रेते,रीट्वीट
retweet,रेटवीट,रीट्वीट
reeta,रीता,रीता
rita,रीता,रीता
rukate,रुकते,रुकते
rukte,रुकते,रुकते
ruktey,रुक्ते,रुकते
rugan,रूग्ण,रुग्ण
rugna,रूग्ण,रुग्ण
ruganta,रुगांता,रुग्णता
rugnata,रुग्नता,रुग्णता
rojvelt,रोजवेल्ट,रुजवेल्ट
roojwelt,रूजवेल्ट,रुजवेल्ट
roosevelt,रूसवेल्ट,रुजवेल्ट
rodolph,रोडॉफ,रुडोल्फ
rudolf,रूडल्फ,रुडोल्फ
rudolph,रूडोप,रुडोल्फ
roopesh,रुपेश,रुपेश
rupesh,रुपेश,रुपेश
ruby,रूबी,रुबी
roomani,रुमानी,रुमानी
rumani,रूमानी,रुमानी
rukavaton,रुकावटों,रूकावटों
root,रुट,रूट
route,रुट,रूट
rooting,रुटिंग,रूटिंग
routine,रुटीन,रूटिंग
routing,राउटिंग,रूटिंग
roots,रुट्स,रूट्स
routes,राउट्स,रूट्स
roopak,रुपक,रूपक
rupak,रुपक,रूपक
roopi,रुपी,रूपी
rupi,रुपी,रूपी
rantle,रांटल,रेंटल
rental,रेंटल,रेंटल
registan,रेजिस्तान,रेगिस्तान
registani,रेजिस्तानी,रेगिस्तानी
reja,रेजा,रेजा
reza,रेजा,रेजा
rate,राते,रेट
rate,राते,रेत
ret,रेत,रेत
refaeli,रेफेली,रेफेली
refeli,रेफेली,रेफेली
reshe,रेशे,रेशे
reshey,रेशे,रेशे
race,रेस,रेस
rese,रीज,रेस
racer,रेसर,रेसर
recer,रिसर,रेसर
racing,रेसिंग,रेसिंग
reson,रेसों,रेसों
rehaana,रेहाना,रेहाना
rehana,रेहना,रेहाना
racketeer,राकेटीर,रैकेटियर
racketier,राकेटियर,रैकेटियर
rectare,रेक्टारे,रैकेटियर
radical,रेडिकल,रैडिकल
raidical,रायडिकल,रैडिकल
raith,राइथ,रैथ
rapping,रैपिंग,रैपिंग
wrapping,रेपिंग,रैपिंग
robertsan,रोबर्ट्सन,रॉबर्टसन
robertson,रोबर्ट्सन,रॉबर्टसन
robinson,रोबिंसों,रॉबिंसन
royals,रॉयल्स,रॉयल्स
rojlin,रोजलिन,रोजलिन
rozlyn,रोजलिन,रोजलिन
rotation,रोटेशन,रोटेशन
rodrigo,रोड्रिगो,रोड्रिगो
ronaldo,रोनाल्डो,रोनाल्डो
ronit,रोनीत,रोनित
roni,रोनी,रोनी
ropane,रोपने,रोपने
ropaney,रोपने,रोपने
ropne,रोपने,रोपने
robin,रॉबिन,रोबिन
roya,रोया,रोया
rollers,रॉलर्स,रोलर्स
rovan,रोवन,रोवन
rowan,रोन,रोवन
rosario,रोसरियो,रोसारियो
rosariyo,रोसरियो,रोसारियो
raubadaar,रौबदार,रौबदार
raubadar,रौबदार,रौबदार
raubdar,रौबदार,रौबदार
landara,लंदारा,लंगड़ा
langada,लंगड़ा,लंगड़ा
langda,लांगड़ा,लंगड़ा
langar,लंगार,लंगर
langaron,लंगारों,लंगरों
langron,लंग्रों,लंगरों
lambi,लांबी,लंबी
lakeer,लकीर,लकीर
lakir,लकीर,लकीर
lakiron,लकीरों,लकीरों
lakme,लक्मे,लक्मे
lakshmidhar,लक्ष्मीदार,लक्ष्मीधर
lakshmighar,लक्ष्मीघर,लक्ष्मीधर
lakshy,लक्ष्य,लक्ष्य
lakshya,लक्ष्य,लक्ष्य
lakshyon,लक्ष्यों,लक्ष्यों
lux,लूक्स,लक्स
laksar,लकसर,लक्सर
luxor,लुक्सर,लक्सर
lakhkhi,लक्खी,लख्खी
lagna,लगना,लगना
laganewale,लगनेवाले,लगनेवाले
lagnevaaley,लगनेवाले,लगनेवाले
lagnewale,लगनेवाले,लगनेवाले
lagega,लगेगा,लगेगा
lajjalu,लज्जलू,लज्जालु
latkate,लटकते,लटकाते
ladki,लड़की,लड़की
ladate,लड़ते,लड़ते
ladte,लड़ते,लड़ते
ladaai,लड़ाई,लड़ाई
ladai,लड़ाई,लड़ाई
ladaaiyon,लड़ाइयों,लड़ाईयों
ladaeyon,लड़ायों,लड़ाईयों
ladaiyon,लड़ाइयों,लड़ाईयों
lapetane,लपेटने,लपेटने
lapetne,लपेटने,लपेटने
labada,लाबड़ा,लबादा
lbada,लबाड़ा,लबादा
labdh,लाब्ध,लब्ध
lbdh,लब्ध,लब्ध
lalak,लालक,ललक
lalkarata,लालकरता,ललकारता
lalkarta,लालकर्ता,ललकारता
lalla,लाला,लल्ला
lavasa,लवासा,लवासा
lovasa,लोवासा,लवासा
lassi,लासी,लस्सी
lahanaa,लहना,लहना
lahna,लहना,लहना
lehna,लेहना,लहना
lahraee,लहराई,लहराई
lahrai,लहराई,लहराई
lehrayi,लहरायी,लहराई
lahalhati,लहलही,लहलहाती
lahlahaati,लहलाहाती,लहलहाती
lahlahati,लहलाहती,लहलहाती
lahsun,लहसून,लहसुन
lasoon,लासून,लहसुन
lanchar,लांचार,लांचर
launcher,लॉन्चर,लांचर
lycopene,लिकोपीन,लाइकोपिन
lime,लाइम,लाइम
lives,लाइवस,लाइव्स
live,लाइव,लाईव
laegi,लाएगी,लाएगी
lagataar,लगतार,लागातार
lagatar,लगातार,लागातार
laata,लाता,लाता
lata,लता,लाता
laati,लाती,लाती
lati,लती,लाती
layega,लाएगा,लायेगा
lalpur,लालपुर,लालपुर
las,लास,लास्ट
last,लास्त,लास्ट
lindbhed,लिंद्भेद,लिंगभेद
lingbhed,लिंगभेद,लिंगभेद
lindan,लिंदन,लिंडन
lindn,लिंडन,लिंडन
lindon,लिंडन,लिंडन
likhakar,लिखाकर,लिखकर
likhkar,लिखकर,लिखकर
ligar,लीगर,लिगर
liger,लाइगर,लिगर
liberation,लिब्रेशन,लिबरेशन
libration,लाइब्रेशन,लिबरेशन
liberation,लिब्रेशन,लिब्रेशन
libration,लाइब्रेशन,लिब्रेशन
leaderon,लीडरों,लीडरों
leedaron,लीदारों,लीडरों
lidaron,लिडरों,लीडरों
liidaron,लीडरों,लीडरों
louis,लुई,लुईस
luis,लूइस,लुईस
ludhakate,लुढ़कते,लुढ़कते
ludhkate,लुढ़कते,लुढ़कते
lurhakate,लुढ़कते,लुढ़कते
lutf,लूटफ,लुत्फ
lumding,लम्डिंग,लुमडिंग
lootmaar,लूटमार,लूटमार
lootmar,लूटमार,लूटमार
landal,लंडल,लेंडल
lendal,लेंडल,लेंडल
lega,लेगा,लेगा
legaa,लेगा,लेगा
letakar,लेटाकर,लेटकर
letkar,लेटकर,लेटकर
lenevali,लेनेवाली,लेनेवाली
lenewali,लेनेवाली,लेनेवाली
label,लेबल,लेबल
labeling,लेबलिंग,लेबलिंग
labelling,लेबलिंग,लेबलिंग
labelo,लेबेलो,लेबलों
labelon,लेबल,लेबलों
lebalon,लेबलों,लेबलों
lemon,लेमोन,लेमन
laingadan,लैंगड़न,लैंगडन
langdon,लांगड़ों,लैंगडन
lengdan,लेंगडन,लैंगडन
laigikata,लैगिकता,लैंगिकता
laingikta,लैंगिकता,लैंगिकता
lanset,लैंसेट,लैंसेट
lenset,लेंसेट,लैंसेट
lairi,लैरी,लैरी
lairy,लेयरी,लैरी
larry,लारी,लैरी
lace,लेस,लैस
less,लेस,लैस
locket,लॉकेट,लॉकेट
laundry,लाउंड्री,लॉन्ड्री
longewal,लंगवाल,लोंगोवाल
longewala,लोंगेवाला,लोंगोवाल
longoval,लंगोवाल,लोंगोवाल
log,लॉग,लोग
loge,लेज,लोगे
lochdar,लोचदार,लोचदार
lodi,लोडी,लोदी
laurence,लारेंस,लौरेंस
laurens,लॉरेंस,लौरेंस
laurense,लारेंस,लौरेंस
wonder,वंडर,वंडर
vansh,वंश,वंश
vanshdhar,वंशधार,वंशधर
vanshavad,वंशावाद,वंशवाद
vanshvaad,वंशवाद,वंशवाद
vanshvad,वंश्वाद,वंशवाद
wanshwad,वंश्वाद,वंशवाद
vajood,वजूद,वजूद
vajud,वजुद,वजूद
wajood,वजूद,वजूद
vadali,वादली,वडाली
vadli,वादली,वडाली
wadali,वादली,वडाली
vanita,वाणिता,वनिता
vareinye,वारेइनी,वरेण्य
varenya,वारेन्य,वरेण्य
varn,वॉर्न,वर्ण
varna,वारना,वर्ण
varnit,वर्णित,वर्णित
vartamaan,वार्तमान,वर्तमान
vartaman,वार्तमान,वर्तमान
vartmaan,वार्तमान,वर्तमान
vartman,वार्तमान,वर्तमान
varddhaman,वर्द्धमान,वर्द्धमान
vardhmaan,वर्धमान,वर्द्धमान
vardhman,वर्धमान,वर्द्धमान
verbal,वर्बल,वर्बल
varshan,वर्षण,वर्शन
vasharan,वशरण,वर्शन
vershan,वर्षण,वर्शन
version,वर्जियन,वर्शन
varsaache,वर्साचे,वर्साचे
varsaryache,वरसर्याचे,वर्साचे
vasearche,वसर्चे,वर्साचे
valkan,वालकन,वल्कन
valkkan,वाक्तकण,वल्कन
velkan,वेल्कन,वल्कन
vash,वाश,वश
vashikaran,वाषीकरण,वशीकरण
vaangchuk,वांगचौक,वांगचुक
vangchuk,वंगचुक,वांगचुक
wangchuk,वांगचुक,वांगचुक
want,वंत,वांट
vije,वाइज,वाइज
vise,वाइस,वाइज
wise,वाइस,वाइज
vatar,वातार,वाटर
water,वाटर,वाटर
watson,वत्सों,वाटसन
wattson,वत्त्सों,वाटसन
vaan,वान,वाण
waan,वन,वाण
vaanon,वनों,वाणों
vanon,वनों,वाणों
wanon,वनों,वाणों
vatanukulan,वातानुकूलन,वातानुकूलन
watanukoollan,वातानुकूलन,वातानुकूलन
vaadak,वादक,वादक
vadak,वादक,वादक
vaadiyon,वादियों,वादियों
vadiyon,वादियों,वादियों
wadiyon,वाड़ियों,वादियों
vayana,वायना,वायना
vayna,वायना,वायना
wayna,वायना,वायना
wireless,वायरलेस,वायरलेस
wirerless,वायरलेस,वायरलेस
warrior,वारियर,वारियर्स
warriors,वारियर्स,वारियर्स
valve,वाल्वे,वाल्व
wolv,वुल्व,वाल्व
vastavik,वास्ताविक,वास्तविक
vastvik,वास्तविक,वास्तविक
vaahikayen,वाहिकाएं,वाहिकाएं
vahikayen,वाहिकाएं,वाहिकाएं
wahikayan,वाहिकाएं,वाहिकाएं
winter,विंटर,विंटर
vincent,विंसेंट,विंसेंट
vikalpon,विकल्पों,विकल्पों
wicket,विकेट,विकेट
vikramjeet,विक्रमजीत,विक्रमजीत
vikramjit,विक्रमजित,विक्रमजीत
vichaarakon,विचारकों,विचारकों
vicharakon,विचारकों,विचारकों
vigyan,विज्ञान,विज्ञान
vigyaani,विज्ञानी,विज्ञानी
vigyani,विज्ञानी,विज्ञानी
vigyaanon,विज्ञानों,विज्ञानों
vigyanon,विज्ञानों,विज्ञानों
vitthal,वित्थल,विट्ठल
viththal,वित्थत,विठ्ठल
vitthal,वित्थल,विठ्ठल
vitark,विटारक,वितर्क
vidhaaein,विधाएं,विद्याएं
vidyaayein,विद्याएं,विद्याएं
vidyaen,विद्याएं,विद्याएं
vidhaaon,विधाओं,विद्याओं
vidyaaon,विद्याओं,विद्याओं
vidyaon,विद्याओं,विद्याओं
vidhansabhaein,विधानसभाएं,विधानसभाएं
vidhansabhaen,विधानसभाएं,विधानसभाएं
vidhivat,विधिवत्व,विधिवत
vidhut,विद्युत,विधुत
vinasht,विनाश्त,विनष्ट
vineet,विनीत,विनीत
vinit,विनिट,विनीत
vipreetataa,विप्रीतता,विपरीतता
vipritata,विप्रितता,विपरीतता
vipra,विप्र,विप्रा
vipro,विप्रो,विप्रो
wipro,वाइप्रो,विप्रो
vibha,विभा,विभा
vibhajak,विभाजक,विभाजक
vibhram,विभ्राम,विभ्रम
vibhrm,विफ्रम,विभ्रम
vibram,वीब्राम,विभ्रम
vimarsh,विमार्श,विमर्श
vimarsho,वीमार्शों,विमर्शों
vimarshon,विमर्शों,विमर्शों
virajati,विराजति,विराजती
virechan,विरेचन,विरेचन
virodh,विरोध,विरोध
virodhabhasi,विरोधाबासी,विरोधाभासी
virodhabhason,विरोधाभासों,विरोधाभासों
vividh,विविध,विविध
vivekahin,विवेकाहीन,विवेकहीन
vivekheen,विवेखीन,विवेकहीन
visheshan,विशेषण,विशेषण
visheshanon,विशेषणों,विशेषणों
visheshaadhikaar,विशेषाधिकार,विशेषाधिकार
visheshadhikar,विशेषाधिकार,विशेषाधिकार
vishwasaniy,विश्वसनीय,विश्वसनीय
vishwasniiya,विश्वस्नीय,विश्वसनीय
vishwasaniyata,विश्वसनीयता,विश्वसनीयता
vishwasniiyataa,विश्वस्नीयता,विश्वसनीयता
vishahin,विशाहीन,विषहीन
vishhin,विशिन,विषहीन
vishanu,विषाणु,विष्णु
vishnu,विष्नु,विष्णु
vlc,वीएलसी,वीएलसी
weeks,वीक्स,वीक्स
veerchand,वीरचंद,वीरचंद
virchand,विरचंद,वीरचंद
veeresh,वीरेश,वीरेश
viresh,विरेश,वीरेश
vritton,वृत्तों,वृत्तों
vruton,वृतों,वृत्तों
vrutton,वृत्तों,वृत्तों
venkataraman,वेंकटरमण,वेंकटरमन
venkatraman,वेंकटरमण,वेंकटरमन
ved,वेड,वेड
wade,वाड़े,वेड
wed,वेड,वेड
wedding,वेडिंग,वेडिंग
vediyon,वेदियों,वेदियों
vedon,वेदों,वेदों
venezuela,वेनेजुएला,वेनेजुएला
veronica,वरोनिका,वेरोनिका
veronika,वरोनिका,वेरोनिका
weronika,वरोनिका,वेरोनिका
velvet,वेलवेट,वेलवेट
welwet,वेलवेट,वेलवेट
welder,वेल्डर,वेल्डर
weldor,वेल्डोर,वेल्डर
welding,वेल्डिंग,वेल्डिंग
wealth,वेल्थ,वेल्थ
vellur,वेलरूर,वेल्लूर
velur,वेलर,वेल्लूर
vesh,वेश,वेश
wasting,वास्टिंग,वेस्टिंग
westing,वेस्टिंग,वेस्टिंग
wastinghouse,वास्टिंघाउस,वेस्टिंगहाउस
westinghouse,वेस्टिंघाउस,वेस्टिंगहाउस
vaisley,वैस्ले,वेस्ले
vesle,वेस्ले,वेस्ले
wesle,वेस्ले,वेस्ले
vaigyaanik,वैज्ञानिक,वैज्ञानिक
vaigyanik,वैज्ञानिक,वैज्ञानिक
vegyanik,वेज्ञानिक,वैज्ञानिक
vaigyaanikta,वैज्ञानिकता,वैज्ञानिकता
vaigyanikata,वैज्ञानिकता,वैज्ञानिकता
vaigyanikta,वैज्ञानिकता,वैज्ञानिकता
vaitravati,वैत्रवाती,वैत्रवती
vaitrawati,वैत्रवाती,वैत्रवती
vaimanasy,वैमानस्य,वैमनस्य
vaimanasya,वैमानस्य,वैमनस्य
vaimanya,वैमान्य,वैमनस्य
very,वेरी,वैरी
vaisaakh,वैसाख,वैशाख
vaishakh,वैषाख,वैशाख
vaishaakhi,वैशाकी,वैशाखी
vaishakhi,वैशाकी,वैशाखी
vaishnodevi,वैष्नोदेवी,वैष्णोदेवी
vyaktigat,व्यक्तिगत,व्यक्तिगत
vyagr,व्याग्र,व्यग्र
vyagra,व्याग्र,व्यग्र
vyatit,व्यतित,व्यतीत
vytit,व्यतित,व्यतीत
vyabhichar,व्यभीचार,व्यभिचार
vyabhichari,व्यभीचारी,व्यभिचार
vyavadhan,व्यवधान,व्यवधान
vyavdhan,व्यवधान,व्यवधान
vyavahargat,व्यवहार्गत,व्यवहारगत
vyvhargat,व्यवारगत,व्यवहारगत
vyaghat,व्याघात,व्याघात
vyapak,व्यापक,व्यापक
vlad,व्लद,व्लाद
wlaad,व्लाद,व्लाद
vladimir,व्लादीमीर,व्लादिमीर
shanghai,शंघाई,शंघाई
shatpath,शतपथ,शतपथ
shanivar,शनिवार,शनिवार
shaniwar,शनीवार,शनिवार
shabana,शबना,शबाना
shbana,शबाना,शबाना
shabdarth,शब्दार्थ,शब्दार्थ
shamadan,शमदान,शमादान
shmadan,क्षमादन,शमादान
shamitabh,शमीताभ,शमिताभ
shamil,शमील,शमिल
shmil,शमील,शमिल
sharabon,शराबों,शराबों
shrabon,शरबों,शराबों
shararat,शरारत,शरारत
shrart,श्रार्त,शरारत
sharmana,शर्माना,शर्माना
shaharwasiyon,शहरवासियों,शहरवासियों
shahrvasiyon,शहरवासियों,शहरवासियों
shervasiyon,शेरवासियों,शहरवासियों
shahdara,शाहदारा,शहादरा
shaantikaal,शांतिकाल,शांतिकाल
shantikal,शांतिकाल,शांतिकाल
shaao,शाओ,शाओ
shao,शाओ,शाओ
shaakir,शाकीर,शाकिर
shakir,शाकीर,शाकिर
shaakhaaen,शाखाएं,शाखाएं
shakhayan,शाखाएं,शाखाएं
shakhayen,शाखाएं,शाखाएं
shayak,शयक,शायक
shaavakon,शावकों,शावकों
shavakon,शावकों,शावकों
shavkon,शावकों,शावकों
shaasaka,शासका,शासक
shasak,शासक,शासक
sasakon,सासकों,शासकों
shaasakon,शासकों,शासकों
shasakon,शासकों,शासकों
shipra,शिप्र,शिप्रा
shirke,शिरके,शिर्के
sheershakon,शीर्शकों,शीर्षकों
shirshakon,शीर्षकों,शीर्षकों
shirshkon,शीर्षकों,शीर्षकों
shujaat,शुजात,शुजात
shujat,शूजात,शुजात
shooting,शूटिंग,शुटिंग
shutting,शट्टिंग,शुटिंग
should,शौल्ड,शुड
shud,शुद,शुड
shubhankar,शुभंकर,शुभंकर
shumaali,शुमाली,शुमाली
shumali,शुमाली,शुमाली
shringaar,श्रृंगार,शृंगार
shringar,श्रृंगार,शृंगार
shrungar,श्रृंगार,शृंगार
sheling,शीलिंग,शेलिंग
shelling,शेलिंग,शेलिंग
shaili,शैली,शैली
shaly,शल्य,शैली
sheli,शेली,शैली
shaishav,शैश्व,शैशव
sean,सिएन,शॉन
shaun,शौन,शॉन
shawn,शवन,शॉन
short,शॉर्ट,शोर्ट
sure,सुरे,श्योर
shrankhala,श्रृंखला,श्रंखला
shrankhalaa,श्रृंखला,श्रंखला
shrunkhla,शृंखला,श्रंखला
shrankhalaaon,श्रृंखलाओं,श्रंखलाओं
shrinkhalaon,श्रृंखलाओं,श्रंखलाओं
shrunkhlaon,शृंखलाओं,श्रंखलाओं
shravani,श्रवाणी,श्रावणी
shrikar,श्रीकर,श्रीकर
shrikhand,श्रीखंड,श्रीखंड
shrimati,श्रीमति,श्रीमति
shriram,श्रीराम,श्रीराम
sriram,स्रीरम,श्रीराम
shrotaon,श्रोताओं,श्रोताओं
shat,शत,षट्
sankhyaein,संख्याएं,संख्याएं
sankhyaen,संख्याएं,संख्याएं
sankhyayen,संख्याएं,संख्याएं
sanghanit,संघनित,संघनित
sanghnit,संघनीत,संघनित
sanchayan,संचायन,संचयन
sanchar,संचार,संचार
sanchaari,संचारी,संचारी
sanchari,संचारी,संचारी
sanchalanon,संचलनों,संचालनों
sanchalnon,संचलनों,संचालनों
sanjay,संजय,संजय
sanjeevan,संजीवन,संजीवन
sanjivan,संजीवन,संजीवन
santati,संतती,संतति
sandarbh,संदर्भ,संदर्भ
sandarbha,संदरभा,संदर्भ
sandrbh,संद्रभ,संदर्भ
sandarbhon,संदरभों,संदर्भों
sandrbhon,संद्रभों,संदर्भों
sandali,संदली,संदली
sandli,संदली,संदली
sandhan,संधन,संधान
samprati,संप्रति,संप्रति
samprti,संप्रति,संप्रति
samprabhu,संप्रभु,संप्रभु
samprbhu,संपृभू,संप्रभु
samprabhuta,संप्रभूता,संप्रभुता
samprbhuta,संपृभूता,संप्रभुता
sambit,संबित,संबित
sambhalane,संभालने,संभालने
sambhalne,संभालने,संभालने
sambhrant,संभरंत,संभ्रांत
sanbharnt,संभारंत,संभ्रांत
sanyog,संयोग,संयुक्त
sanyukt,संयुक्त,संयुक्त
sanyukta,संयुक्त,संयुक्त
sanyukta,संयुक्त,संयुक्ता
sanyogvash,संयोगवाश,संयोगवश
sanyojan,संयोजन,संयोजन
sanyojanon,संयोजनों,संयोजनों
sanyojnon,संयोजनों,संयोजनों
samvedikaran,संवेदीकरण,संवेदीकरण
sanvedikaran,संवेदीकरण,संवेदीकरण
samshayon,समशायों,संशयों
sanshayon,संशयों,संशयों
sanshyon,संश्यों,संशयों
sanskaar,संस्कार,संस्कार
sanskar,संस्कर,संस्कार
sanskaari,संस्कारी,संस्कारी
sanskari,संस्कारी,संस्कारी
sanskrit,संस्कृत,संस्कृत
sanskurt,संस्कृत,संस्कृत
sanskritiyan,संस्कृतियां,संस्कृतियां
sanskrutiyan,संस्कृतियां,संस्कृतियां
sanskritiyon,संस्कृतियों,संस्कृतियों
sanskrutiyon,संस्कृतियों,संस्कृतियों
sanasthit,संस्थित,संस्थित
sansthit,संस्थित,संस्थित
sanasthita,संस्थित,संस्थिता
sansthita,संस्थित,संस्थिता
sakara,सकारा,सकरा
sakra,सकरा,सकरा
sakshan,साक्षण,सक्शन
suction,सक्शन,सक्शन
sacchidanand,सचिदाबंद,सच्चिदानंद
sachhidanand,सचिदानंद,सच्चिदानंद
sachidanand,सचिदानंद,सच्चिदानंद
sajja,सज्जा,सज्जा
sat,सात,सत
satpal,सतपाल,सतपाल
satluj,सतलूज,सतलुज
sataane,सताने,सताने
satane,सतने,सताने
sate,सटे,सते
satti,सत्ति,सत्ती
satvat,सत्वत,सत्वत
sadanand,सदानंद,सदानंद
sapane,सपने,सपने
sapne,सपने,सपने
sapney,सपने,सपने
saparivaar,सपरिवार,सपरिवार
sapariwar,सपरिवार,सपरिवार
sparivar,स्परिवार,सपरिवार
sapaat,सपात,सपाट
sapat,सपत,सपाट
sapate,सपते,सपाटे
sapatey,सपते,सपाटे
saptakranti,सप्तक्रांति,सप्तक्रांति
saptkraanti,सप्तक्रांति,सप्तक्रांति
saptapadi,सप्तपादी,सप्तपदी
saptpadi,सप्तपद्दी,सप्तपदी
saptari,सप्तरी,सप्तरी
sapramaan,सप्रमाण,सप्रमाण
sapraman,सप्रमाण,सप्रमाण
submit,सुब्मित,सबमिट
sabmission,सब्मीशन,सबमिशन
submission,सब्मीशन,सबमिशन
sabhaein,सभाएं,सभाएं
sabhaen,सभाएं,सभाएं
sabhayen,सभाएं,सभाएं
sabhen,सभें,सभाएं
sabhasadon,सभादादों,सभासदों
sabhyata,सभ्यता,सभ्यता
samjhoonga,समझूंगा,समझूंगा
samjhunga,समझुंगा,समझूंगा
samjhungaa,समझुंगा,समझूंगा
saman,सामान,समन
samanvayaka,समान्वयका,समन्वयक
samanwayaka,समन्वयका,समन्वयक
samnvyak,समन्वयक,समन्वयक
samaadhaan,समाधान,समाधान
samadhan,समाधन,समाधान
samadhiyon,समाधियों,समाधियों
samadjiyon,समाधजियों,समाधियों
samalakha,समालखा,समालखा
samalakhaa,समालखा,समालखा
samahaar,समाहार,समाहार
samahar,समाहर,समाहार
samitiyan,समीतियां,समितियां
sametati,समेटती,समेटती
sametti,समेट्टी,समेटती
sarka,सरका,सरका
sarkaa,सरका,सरका
sarkarein,सरकरें,सरकारें
sarkaren,सरकरें,सरकारें
sarkaaron,सरकारों,सरकारों
sarkaron,सरकारों,सरकारों
sargana,सरगना,सरगना
sarganaon,सारगणाओं,सरगनाओं
sargi,सारगी,सरगी
sarguja,सरगुजा,सरगुजा
sarjuga,सारजुगा,सरगुजा
sarsa,सरसा,सरसा
sarsaa,सरसा,सरसा
sarahind,साराहिंद,सरहिंद
sarhind,सारहिंद,सरहिंद
sirhind,सिरहिंद,सरहिंद
saraaha,सराह,सराहा
saraha,साराहा,सराहा
saraahi,सराही,सराही
sarahi,साराही,सराही
salaahkar,सलाहकर,सलाहकार
salahkaar,सलाहकार,सलाहकार
salahkar,सलाहकर,सलाहकार
saleeb,सलीब,सलीब
salib,सालिब,सलीब
select,सिलेक्ट,सलेक्ट
saltanat,सलतानात,सल्तनत
saltnat,सलतनात,सल्तनत
savaal,सवाल,सवाल
saval,सवाल,सवाल
sawaal,सवाल,सवाल
sawal,सवाल,सवाल
sahakalaakar,सहकलाकर,सहकलाकार
sahakalakar,सहकलकर,सहकलाकार
sahkalakar,सहकलकर,सहकलाकार
sahadev,सहादेव,सहदेव
sahdev,सहदेव,सहदेव
sahrawat,सहरावत,सहरावत
sherawat,शेरावत,सहरावत
sahooliyata,सहूलियता,सहूलियत
sahuliyat,सहूलियत,सहूलियत
sahuuliyata,सहूलियता,सहूलियत
saanketika,सांकेतिका,सांकेतिक
sanketik,संकेतिक,सांकेतिक
saimans,सैमांस,साइमंस
simmons,सिमोंस,साइमंस
symons,सिमोंस,साइमंस
saima,सैमा,साइमा
sagarika,सागरिका,सागरिका
sagrika,सागरिका,सागरिका
saga,सागा,सागा
saajan,साजन,साजन
sajan,सजन,साजन
saajsajja,साजसज्ज,साजसज्जा
sajsajja,सजसज्ज,साजसज्जा
saja,सजा,साजा
saathsaath,साथसाथ,साथसाथ
sathsath,साथसथ,साथसाथ
sathiya,साथिया,साथिया
saabah,साबाह,साबाह
sabah,सबाह,साबाह
samanjasy,समानजस्य,सामंजस्य
samanjasya,समानज्य,सामंजस्य
samoa,सामो,सामोआ
samoaa,समोआ,सामोआ
saayn,सायन,सायं
sayan,सायन,सायं
saym,सैम,सायं
saira,सैरा,सायरा
sayara,सयारा,सायरा
sayra,सायरा,सायरा
salve,सल्वे,साल्वे
sahab,सहाब,साहब
singapore,सिंगपोर,सिंगापुर
singaar,सिंगार,सिंगार
singar,सिंगार,सिंगार
singer,सिंगर,सिंगार
singhaadey,सिंहादे,सिंघाड़े
singhade,सिंहादे,सिंघाड़े
singhde,सिंहदे,सिंघाड़े
singhre,सिंहरे,सिंघाड़े
singhi,सिंघी,सिंघी
singha,सिंघा,सिंहा
sinha,सिन्हा,सिंहा
siera,सीयरा,सिएरा
sierra,सियरा,सिएरा
sikud,सिकुड़,सिकुड़
signals,सिग्नल्स,सिगनल्स
cigaretton,सिगरेट्टों,सिगरेटों
cigretton,सिग्रेटों,सिगरेटों
siddhivat,सिद्धिवात,सिद्धवट
siddhvat,सिद्धवत,सिद्धवट
siddhwat,सिद्धवत,सिद्धवट
sinabang,सिनाबंग,सिनाबंग
synapse,सिनप्से,सिनेप्स
sipah,सिपाह,सिपाह
sipaha,सीपहा,सिपाह
sipahiyon,सिपहियों,सिपाहियों
sipahi,सिपाही,सिपाही
sim,सिम,सिम
simat,सीमत,सिमट
simatataa,सीमतता,सिमटता
simatta,सीमत्ता,सिमटता
simtata,सीमता,सिमटता
simtataa,सीमता,सिमटता
cement,सिमेंट,सिमटे
simate,सीमते,सिमटे
simi,सीमी,सिमी
simmy,सिमी,सिमी
sims,सिम्स,सिम्स
siyasi,सियासी,सियासी
siyah,सियाह,सियाह
siyaha,सियाहा,सियाह
sirpur,सीरपुर,सिरपुर
sivan,सिवन,सिवान
siwan,सिवन,सिवान
sisva,सिस्व,सिसवा
siswa,सिस्व,सिसवा
cil,सील,सीआईएल
csi,सीएसीआई,सीएसआई
sikar,सिकर,सीकर
seaten,सीटन,सीटें
sitaram,सीताराम,सीताराम
sitaharan,सीतारहण,सीताहरण
cpm,सीपीएम,सीपीएम
cps,सीपीएस,सीपीएस
cbse,सीबीएसई,सीबीएसई
seem,सीम,सीम
sim,सिम,सीम
sealed,सीलेड,सील्ड
shield,शील्ड,सील्ड
ccd,सीसीडी,सीसीडी
sugamata,सुगमता,सुगमता
sugmta,सुग्मता,सुगमता
sujan,सुजन,सुजेन
sujen,सुजें,सुजेन
suken,सुकें,सुजेन
sujain,सुजैन,सुजैन
sujhaati,सुझाती,सुझाती
sujhati,सुझाती,सुझाती
sutali,सुताली,सुतली
sutli,सुतली,सुतली
suta,सूता,सुता
sdueep,स्दुप,सुदीप
sudip,सुदीप,सुदीप
sudhaargrah,सुधारग्रह,सुधारगृह
sudhargrih,सुधारगृह,सुधारगृह
sudhargruh,सुधारगृह,सुधारगृह
sunaaron,सुनारों,सुनारों
sunaron,सुनारों,सुनारों
sunaseer,सुनसीर,सुनासीर
sunasir,सुनासीर,सुनासीर
suneeti,सुनीति,सुनीति
suniti,सुनीति,सुनीति
sunega,सुनेगा,सुनेगा
suneyga,सुनेगा,सुनेगा
superhit,सुपरहित,सुपरहिट
supachy,सुपाच्य,सुपाच्य
supachya,सुपच्य,सुपाच्य
supachye,सुपाच्य,सुपाच्य
subhaay,सुभाय,सुभाय
subhay,सुभाय,सुभाय
surveen,सूर्वीन,सुरवीन
survin,सूर्विन,सुरवीन
surana,सुराना,सुराणा
sulkhan,सुल्खान,सुलखान
suljaayi,सुलजाई,सुलझाई
suljayi,सुलझाई,सुलझाई
suljhai,सुलझाई,सुलझाई
sulzai,सुलझाई,सुलझाई
sultana,सुल्ताना,सुलताना
sulaati,सुलाती,सुलाती
sulati,सुलती,सुलाती
susanskrit,सुसंस्कृत,सुसंस्कृत
susanskrut,सुसंस्कृत,सुसंस्कृत
suhagin,सुहागीन,सुहागिन
soond,सूंड,सूंड़
sund,सूंड,सूंड़
suiyan,सुइयां,सूइयां
sukhati,सुखाती,सूखती
sukhti,सुख्ती,सूखती
sukhakar,सुखाकर,सूखाकर
soochak,सूचक,सूचक
suchak,सुचक,सूचक
sooja,सूजा,सूजा
suja,सुजा,सूजा
suba,सुबा,सूबा
sube,सूब,सूबे
sooraj,सूरज,सूरज
suraj,सुराज,सूरज
surinaam,सूरीनाम,सूरीनाम
surinama,सूरीनामा,सूरीनाम
suriname,सूरिनामे,सूरीनाम
suryadev,सूर्यदेव,सूर्यदेव
sendha,सेंधा,सेंधा
senvai,सेनवाई,सेंवई
sevai,सेवाई,सेंवई
sensing,सेंसिंग,सेंसिंग
sexual,सेक्सुअल,सेक्सुअल
saturday,सतुर्दय,सेटरडे
seti,सेती,सेटी
seto,सेटो,सेटो
seth,सेठ,सेथ
safety,सेफ्टी,सेफ्टी
semen,सिमेन,सेमिन
semin,सेमिन,सेमिन
self,सेल्फ,सेल्फ
selfie,सेल्फी,सेल्फी
save,सावे,सेव
sev,सेव,सेव
sevakon,सेवकों,सेवकों
sevkon,सेवकों,सेवकों
samuels,सैम्यूल्स,सैम्युल्स
celery,सेलेरी,सैलरी
salary,सैलारी,सैलरी
sakar,सकर,सॉकर
socar,सोकार,सॉकर
soccer,सॉक्सर,सॉकर
songs,सॉंग्स,सॉन्ग्स
solicitor,सॉलीसिटर,सॉलिसिटर
sochane,सोचने,सोचने
sochne,सोचने,सोचने
sonu,सोनु,सोनू
soma,सोमा,सोमा
spma,स्पैमा,सोमा
somi,सोमी,सोमी
soy,सॉय,सोय
soya,सोया,सोया
solitaire,सॉलिटेयर,सोलिटेयर
soharai,सोहराई,सोहराई
sohrai,सोहराई,सोहराई
sohaval,सोहवाल,सोहावल
sohawal,सोहवाल,सोहावल
saunpane,सौंपने,सौंपने
sonpne,सोंपने,सौंपने
scala,स्काला,स्काला
skala,स्कला,स्काला
ski,स्की,स्की
scootaron,स्कूटरों,स्कूटरों
scooteron,स्कूटेरों,स्कूटरों
skootaron,स्कूटरों,स्कूटरों
scandinavia,स्कैंडीनवीय,स्कैंडिनेविया
scaining,स्केनिंग,स्कैनिंग
scanning,स्कैनिंग,स्कैनिंग
squash,स्क्वास,स्क्वाश
squash,स्क्वास,स्क्वैश
skhalan,स्खलन,स्खलन
stain,स्टेन,स्टैन
stan,स्टन,स्टैन
stop,स्टॉप,स्टॉप
stops,स्टॉप्स,स्टॉप्स
stone,स्टोन,स्टोन
straws,स्ट्रॉस,स्ट्रास
stress,स्ट्रेस,स्ट्रास
stra,स्ट्रा,स्ट्रे
stray,स्ट्रै,स्ट्रे
stre,स्ट्रे,स्ट्रे
strocks,स्ट्रॉक्स,स्ट्रोक्स
strokes,स्ट्रॉक्स,स्ट्रोक्स
stan,स्टन,स्तन
stanadhari,स्तनधारी,स्तनधारी
standhaari,स्तंधारी,स्तनधारी
standhari,स्तानधारी,स्तनधारी
sthiti,स्थिति,स्तिथि
stithi,स्तिथि,स्तिथि
stuti,स्टूटी,स्तुति
sthitiyaan,स्थितियां,स्थितियां
sthitiyan,स्थितियां,स्थितियां
sthitiyon,स्थितियों,स्थितियों
sthool,स्थूल,स्थूल
sthul,स्थल,स्थूल
sthoolta,स्थूलता,स्थूलता
sthulata,स्थुलता,स्थूलता
sneakers,स्नीकर्स,स्नीकर्स
snickers,स्निकर्स,स्नीकर्स
snikarse,स्निकार्स,स्नीकर्स
spear,स्पेयर,स्पीयर
spell,स्पेल,स्पेल
spelar,स्पेलर,स्पेलर
speller,स्पेलर,स्पेलर
sprint,स्प्रिंट,स्प्रिट
sprit,स्प्रित,स्प्रिट
spray,स्प्राय,स्प्रे
spry,स्प्राय,स्प्रे
sfoorti,स्फूर्ति,स्फूर्ति
sfurti,स्फूर्ती,स्फूर्ति
sphoorti,स्फूर्ति,स्फूर्ति
slide,स्लाइड,स्लाइड
slider,स्लाइडर,स्लाइडर
slaaidon,स्लाइडो,स्लाइडों
slidon,स्लीड़ों,स्लाइडों
sliders,स्लाइडर्स,स्लाइड्स
slides,स्लाइड्स,स्लाइड्स
slice,स्लाइस,स्लाइस
slash,स्लाश,स्लैश
swaroopon,स्वरूपों,स्वरुपों
swarupon,स्वरूपों,स्वरुपों
swa,स्व,स्वा
swaachaalit,स्वाचालातित,स्वाचालित
swachalit,स्वचालित,स्वाचालित
swaarthparak,स्वार्थपारक,स्वार्थपरक
swarthparak,स्वार्थपारक,स्वार्थपरक
swiftlate,स्विफ्टलते,स्विफ्टलेट
swiftlet,स्विफ्टलेट,स्विफ्टलेट
sweekarte,स्वीकारते,स्वीकारते
swikarte,स्वीकारते,स्वीकारते
sweet,स्वीट,स्वीट
sweep,स्वीप,स्वीप
sweccha,स्वेच्छा,स्वेच्छा
swecha,स्वेच्छा,स्वेच्छा
swechha,स्वेच्छा,स्वेच्छा
sweta,स्वेता,स्वेता
swap,स्वप,स्वैप
swipe,स्वाइप,स्वैप
handiya,हांडिया,हंडिया
handiyaa,हंडिया,हंडिया
hundiya,हुंडिया,हंडिया
hakikat,हाकिकत,हकीकत
haqeeqat,हकीकत,हकीकत
hathiya,हाथिया,हथिया
hamala,हमला,हमला
hamla,हमला,हमला
hamalavar,हमलवार,हमलावर
hamlavar,हमलवार,हमलावर
humlavar,हमलावर,हमलावर
hamaal,हमाल,हमाल
hamal,हमल,हमाल
hercules,हर्कल्स,हरक्यूलिस
hardas,हरदास,हरदास
harpaal,हरपाल,हरपाल
harpal,हारपाल,हरपाल
harvansh,हरवांश,हरवंश
haraval,हारावल,हरावल
harawal,हारावल,हरावल
hurricane,हर्रिकने,हरिकेन
harijan,हरिजन,हरिजन
hariyali,हरियाली,हरियाली
harshit,हार्शित,हर्षित
haldi,हाल्डी,हल्दी
halla,हल्ला,हल्ला
hawamahal,हवामहाल,हवामहल
hawalaat,हवलात,हवालात
hawalat,हवालात,हवालात
hasino,हेसिनो,हसीनों
hasinon,हेसिनों,हसीनों
haan,हान,हां
han,हान,हां
haanfte,हाफफते,हांफते
hafate,हफते,हांफते
hanfte,हेंफते,हांफते
higman,हिगमन,हाइमन
hymen,हैमें,हाइमन
hadauti,हादौती,हाड़ौती
haani,हानी,हानी
hani,हानि,हानी
haarjeet,हरजीत,हारजीत
harjeet,हरजीत,हारजीत
haaranaa,हारना,हारना
harana,हराना,हारना
harna,हरना,हारना
haalchaal,हालचाल,हालचाल
haalchal,हालचल,हालचाल
halchaal,हलचाल,हालचाल
halchal,हलचल,हालचाल
halt,हाल्ट,हाल्ट
hault,हाल्ट,हाल्ट
hahakar,हहाकर,हाहाकार
hingis,हिंगिस,हिंगिस
hindan,हिंदन,हिंडन
hindon,हिंदों,हिंडन
hijada,हिजड़ा,हिजड़ा
hijda,हिजड़ा,हिजड़ा
hijbul,हिजबुल,हिजबुल
hippo,हिप्पो,हिप्पो
hippopotamus,हिप्पोटाम्स,हिप्पोपोटेमस
himali,हिमाली,हिमाली
hilane,हिलाने,हिलने
hilne,हिलने,हिलने
hisham,हिशम,हिशाम
heeraganj,हीरागंज,हीरागंज
hiraganj,हीरगंज,हीरागंज
heroes,हिरोज,हीरोज
heros,हेरोस,हीरोज
hui,हुई,हुईं
huin,हुइन,हुईं
hooper,हारपर,हूपर
huppar,हुप्पर,हूपर
hupper,हुप्पर,हूपर
hegde,हेगड,हेगडे
hemvati,हेमवती,हेमवती
hemwati,हेमवती,हेमवती
help,हेल्प,हेल्प
helper,हेल्पर,हेल्पर
haito,हैटो,हैतो
hairam,हैराम,हैरम
harem,हरेम,हैरम
herald,हेराल्ड,हैराल्ड
haive,हैवे,हैव
have,हेव,हैव
hong,होंग,हॉन्ग
half,हल्फ,हॉफ
hoaf,होफ,हॉफ
hounga,हाउंगा,होऊंगा
holding,हॉल्डिंग,होल्डिंग
hoshangabaad,होषंगाबाद,होशंगाबाद
hoshangabad,होषंगाबाद,होशंगाबाद
hostes,होस्टेस,होस्टेस
hostess,होस्टेस,होस्टेस
